"","case.id","sex","length","diameter","height","whole.weight","shucked.weight","viscera.weight","shell.weight","rings"
"1783",1784,"M",0.525,0.38,0.125,0.65,0.303,0.155,0.159,7
"2188",2189,"M",0.47,0.37,0.135,0.547,0.222,0.1325,0.17,12
"2674",2675,"M",0.595,0.46,0.14,0.852,0.4215,0.2255,0.227,9
"1111",1111,"I",0.52,0.38,0.135,0.5395,0.2295,0.133,0.157,8
"2580",2581,"M",0.525,0.425,0.125,0.812,0.4035,0.1705,0.195,8
"3869",3870,"F",0.49,0.385,0.16,0.656,0.2455,0.171,0.205,9
"1401",1402,"M",0.65,0.525,0.175,1.5365,0.6865,0.3585,0.405,11
"2997",2998,"F",0.625,0.49,0.11,1.136,0.5265,0.1915,0.2925,9
"1207",1207,"F",0.75,0.57,0.21,2.236,1.109,0.5195,0.545,11
"1000",1000,"F",0.595,0.47,0.155,1.121,0.4515,0.178,0.155,11
"2616",2617,"F",0.65,0.5,0.185,1.4415,0.741,0.2955,0.341,9
"3032",3033,"I",0.535,0.42,0.145,0.6885,0.273,0.1515,0.237,9
"1029",1029,"M",0.645,0.5,0.175,1.3385,0.633,0.299,0.349,11
"1300",1301,"I",0.53,0.425,0.13,0.7675,0.419,0.1205,0.21,9
"490",490,"F",0.57,0.455,0.165,1.0595,0.44,0.2195,0.285,14
"39",39,"F",0.575,0.445,0.135,0.883,0.381,0.2035,0.26,11
"4005",4007,"M",0.585,0.465,0.15,0.98,0.4315,0.2545,0.247,9
"837",837,"M",0.47,0.375,0.12,0.5805,0.266,0.0935,0.169,8
"1952",1953,"I",0.64,0.49,0.135,1.1,0.488,0.2505,0.2925,10
"2137",2138,"F",0.59,0.455,0.175,0.966,0.391,0.2455,0.31,10
"1432",1433,"I",0.365,0.255,0.08,0.1985,0.0785,0.0345,0.053,5
"771",771,"F",0.53,0.455,0.165,0.9805,0.3155,0.2815,0.2965,11
"3521",3522,"I",0.215,0.15,0.055,0.041,0.015,0.009,0.0125,3
"4078",4080,"M",0.55,0.385,0.13,0.7275,0.343,0.1625,0.19,8
"232",232,"M",0.565,0.44,0.175,0.9025,0.31,0.193,0.325,14
"983",983,"F",0.56,0.455,0.16,0.967,0.4525,0.207,0.274,9
"3736",3737,"M",0.625,0.48,0.18,1.223,0.565,0.2975,0.3375,10
"1326",1327,"M",0.565,0.445,0.15,0.796,0.3635,0.184,0.219,8
"2091",2092,"F",0.505,0.39,0.115,0.66,0.3045,0.1555,0.175,8
"2454",2455,"I",0.275,0.2,0.065,0.092,0.0385,0.0235,0.027,5
"3118",3119,"M",0.51,0.415,0.145,0.751,0.3295,0.1835,0.203,8
"657",657,"F",0.555,0.435,0.165,0.97,0.336,0.2315,0.295,17
"3573",3574,"F",0.595,0.465,0.145,0.7955,0.3425,0.1795,0.2425,10
"884",884,"M",0.66,0.53,0.17,1.3905,0.5905,0.212,0.453,15
"3200",3201,"F",0.505,0.405,0.16,0.6835,0.271,0.145,0.215,10
"2484",2485,"M",0.46,0.36,0.135,0.6105,0.1955,0.107,0.235,14
"2849",2850,"M",0.63,0.49,0.165,1.2005,0.575,0.273,0.294,10
"67",67,"F",0.565,0.44,0.16,0.915,0.354,0.1935,0.32,12
"1411",1412,"F",0.67,0.53,0.225,1.5615,0.63,0.487,0.3725,11
"3974",3975,"I",0.42,0.32,0.115,0.409,0.2055,0.0935,0.105,8
"2191",2192,"M",0.645,0.495,0.185,1.4935,0.5265,0.2785,0.455,15
"1936",1937,"M",0.625,0.495,0.155,1.0485,0.487,0.212,0.3215,11
"1786",1787,"I",0.535,0.385,0.18,1.0835,0.4955,0.2295,0.304,8
"1042",1042,"F",0.675,0.57,0.225,1.587,0.739,0.2995,0.435,10
"2092",2093,"M",0.53,0.425,0.13,0.7455,0.2995,0.1355,0.245,10
"135",135,"I",0.265,0.2,0.065,0.0975,0.04,0.0205,0.028,7
"1644",1645,"M",0.58,0.46,0.155,1.0335,0.469,0.2225,0.295,10
"3019",3020,"I",0.45,0.33,0.115,0.365,0.14,0.0825,0.1245,8
"2507",2508,"I",0.415,0.325,0.1,0.4665,0.2285,0.1065,0.114,7
"3940",3941,"M",0.505,0.39,0.105,0.6555,0.2595,0.18,0.19,11
"940",940,"I",0.46,0.36,0.1,0.4635,0.2325,0.093,0.115,7
"3021",3022,"I",0.455,0.355,0.105,0.372,0.138,0.0765,0.135,9
"1271",1272,"I",0.47,0.355,0.12,0.393,0.167,0.0885,0.115,8
"1027",1027,"M",0.645,0.52,0.175,1.561,0.709,0.3555,0.4,8
"3909",3910,"F",0.455,0.375,0.125,0.458,0.1985,0.111,0.12,10
"3717",3718,"I",0.35,0.25,0.1,0.4015,0.1725,0.063,0.1255,7
"1510",1511,"F",0.65,0.545,0.175,1.5245,0.59,0.326,0.495,10
"3250",3251,"F",0.435,0.35,0.125,0.459,0.197,0.1145,0.145,9
"2568",2569,"I",0.46,0.345,0.12,0.4155,0.198,0.0885,0.107,7
"3852",3853,"M",0.55,0.41,0.15,0.785,0.282,0.186,0.275,12
"4120",4122,"I",0.455,0.35,0.13,0.4725,0.215,0.0745,0.15,9
"963",963,"I",0.505,0.39,0.15,0.685,0.362,0.131,0.156,8
"416",416,"F",0.62,0.47,0.14,1.0325,0.3605,0.224,0.36,15
"62",62,"M",0.505,0.405,0.11,0.625,0.305,0.16,0.175,9
"1866",1867,"I",0.52,0.385,0.115,0.581,0.2555,0.156,0.143,10
"662",662,"I",0.535,0.45,0.17,0.781,0.3055,0.1555,0.295,11
"3868",3869,"F",0.44,0.34,0.135,0.3975,0.1505,0.0945,0.135,8
"3076",3077,"F",0.68,0.56,0.195,1.664,0.58,0.3855,0.545,11
"3067",3068,"M",0.65,0.505,0.17,1.5595,0.695,0.3515,0.395,11
"566",566,"M",0.35,0.255,0.065,0.179,0.0705,0.0385,0.06,10
"2931",2932,"F",0.615,0.515,0.135,1.1215,0.545,0.2305,0.29,9
"1818",1819,"F",0.695,0.55,0.185,1.679,0.805,0.4015,0.3965,10
"2930",2931,"F",0.615,0.475,0.175,1.194,0.559,0.259,0.3165,11
"309",309,"M",0.55,0.41,0.125,0.7605,0.2505,0.1635,0.195,14
"126",126,"I",0.27,0.195,0.06,0.073,0.0285,0.0235,0.03,5
"3221",3222,"M",0.385,0.305,0.09,0.2775,0.109,0.0515,0.1,9
"3141",3142,"I",0.18,0.135,0.08,0.033,0.0145,0.007,0.01,5
"625",625,"I",0.465,0.36,0.105,0.498,0.214,0.116,0.14,15
"2700",2701,"M",0.67,0.51,0.18,1.68,0.926,0.2975,0.3935,13
"2762",2763,"I",0.55,0.42,0.155,0.912,0.495,0.1805,0.205,9
"1612",1613,"I",0.55,0.425,0.15,0.639,0.269,0.1345,0.217,9
"466",466,"I",0.175,0.125,0.05,0.0235,0.008,0.0035,0.008,5
"954",954,"F",0.485,0.37,0.115,0.4785,0.1995,0.0955,0.129,7
"3769",3770,"F",0.56,0.43,0.145,0.898,0.3895,0.2325,0.245,9
"2119",2120,"I",0.455,0.37,0.125,0.433,0.201,0.1265,0.145,9
"1710",1711,"M",0.645,0.51,0.195,1.226,0.5885,0.2215,0.3745,10
"3265",3266,"M",0.48,0.38,0.135,0.528,0.2,0.1395,0.16,14
"2904",2905,"I",0.575,0.455,0.16,0.9895,0.495,0.195,0.246,9
"2382",2383,"I",0.525,0.43,0.15,0.7365,0.3225,0.161,0.215,11
"159",159,"F",0.58,0.455,0.17,0.9075,0.374,0.2135,0.285,13
"1294",1295,"I",0.52,0.395,0.125,0.663,0.3005,0.131,0.1905,9
"2805",2806,"F",0.66,0.525,0.2,1.463,0.6525,0.2995,0.422,11
"1055",1055,"I",0.195,0.15,0.045,0.0375,0.018,0.006,0.011,3
"817",817,"I",0.335,0.25,0.08,0.183,0.0735,0.04,0.0575,6
"1196",1196,"F",0.705,0.55,0.17,1.219,0.6395,0.236,0.301,9
"95",95,"M",0.695,0.56,0.19,1.494,0.588,0.3425,0.485,15
"3220",3221,"M",0.5,0.4,0.145,0.6025,0.216,0.138,0.21,11
"2275",2276,"M",0.655,0.525,0.185,1.259,0.487,0.2215,0.445,20
"3487",3488,"I",0.51,0.405,0.13,0.599,0.3065,0.1155,0.1485,8
"2164",2165,"M",0.375,0.305,0.09,0.3245,0.1395,0.0565,0.095,5
"458",458,"I",0.36,0.28,0.105,0.199,0.0695,0.045,0.08,9
"2550",2551,"I",0.28,0.22,0.08,0.1315,0.066,0.024,0.03,5
"3329",3330,"F",0.545,0.435,0.15,0.6855,0.2905,0.145,0.225,10
"2566",2567,"F",0.455,0.35,0.12,0.4555,0.1945,0.1045,0.1375,7
"2112",2113,"M",0.525,0.405,0.13,0.7185,0.3265,0.1975,0.175,8
"1978",1979,"M",0.7,0.55,0.175,1.4405,0.6565,0.2985,0.375,12
"3184",3185,"F",0.67,0.545,0.175,1.707,0.6995,0.387,0.575,13
"3407",3408,"I",0.35,0.265,0.08,0.192,0.081,0.0465,0.053,6
"3764",3765,"I",0.535,0.4,0.145,0.705,0.3065,0.1365,0.22,10
"2319",2320,"F",0.505,0.395,0.145,0.6515,0.2695,0.153,0.205,15
"1420",1421,"F",0.71,0.55,0.17,1.614,0.743,0.345,0.45,11
"3373",3374,"M",0.54,0.405,0.155,0.9715,0.3225,0.194,0.29,19
"1598",1599,"I",0.53,0.4,0.145,0.555,0.1935,0.1305,0.195,9
"1193",1193,"M",0.7,0.565,0.18,1.751,0.895,0.3355,0.446,9
"3108",3109,"I",0.375,0.285,0.08,0.226,0.0975,0.04,0.0725,7
"2634",2635,"I",0.425,0.34,0.1,0.3515,0.1625,0.082,0.094,7
"4073",4075,"I",0.52,0.4,0.14,0.622,0.278,0.1455,0.169,8
"384",384,"M",0.47,0.375,0.12,0.5565,0.226,0.122,0.195,12
"33",33,"M",0.665,0.525,0.165,1.338,0.5515,0.3575,0.35,18
"405",405,"I",0.44,0.345,0.12,0.365,0.1655,0.083,0.11,7
"2604",2605,"F",0.62,0.485,0.175,1.2155,0.545,0.253,0.345,10
"2813",2814,"I",0.255,0.195,0.055,0.0725,0.0285,0.017,0.021,4
"1112",1112,"I",0.52,0.38,0.125,0.5545,0.288,0.1295,0.167,8
"1805",1806,"M",0.625,0.495,0.175,1.254,0.5815,0.286,0.3185,9
"145",145,"M",0.475,0.375,0.13,0.5175,0.2075,0.1165,0.17,10
"4068",4070,"I",0.455,0.335,0.105,0.4055,0.175,0.092,0.1185,8
"2685",2686,"M",0.625,0.48,0.145,1.085,0.4645,0.2445,0.327,10
"2201",2202,"F",0.645,0.49,0.215,1.406,0.4265,0.2285,0.51,25
"389",389,"M",0.49,0.42,0.125,0.609,0.239,0.1435,0.22,14
"456",456,"M",0.575,0.47,0.14,0.8375,0.3485,0.1735,0.24,11
"2682",2683,"M",0.62,0.48,0.15,1.1015,0.4965,0.243,0.305,10
"3226",3227,"F",0.42,0.32,0.13,0.4135,0.1645,0.106,0.119,10
"455",455,"F",0.645,0.55,0.175,1.2915,0.57,0.3045,0.33,14
"2824",2825,"I",0.46,0.365,0.115,0.511,0.2365,0.118,0.123,7
"361",361,"M",0.605,0.49,0.18,1.227,0.48,0.287,0.35,18
"4031",4033,"I",0.485,0.365,0.09,0.651,0.3165,0.132,0.18,8
"1381",1382,"F",0.625,0.505,0.175,1.15,0.5475,0.256,0.3045,11
"3264",3265,"F",0.655,0.5,0.14,1.1705,0.5405,0.3175,0.285,12
"612",612,"M",0.195,0.145,0.05,0.032,0.01,0.008,0.012,4
"2308",2309,"M",0.455,0.355,0.13,0.515,0.2,0.1275,0.175,11
"3952",3953,"I",0.315,0.235,0.08,0.18,0.08,0.045,0.047,5
"2192",2193,"F",0.575,0.485,0.165,1.0405,0.419,0.264,0.3,14
"1906",1907,"I",0.575,0.45,0.135,0.8245,0.3375,0.2115,0.239,11
"2897",2898,"I",0.545,0.43,0.15,0.742,0.3525,0.158,0.208,10
"966",966,"M",0.51,0.39,0.135,0.769,0.3935,0.1455,0.19,8
"562",562,"I",0.515,0.4,0.12,0.659,0.2705,0.179,0.17,13
"1851",1852,"I",0.485,0.37,0.115,0.457,0.1885,0.0965,0.15,9
"2104",2105,"F",0.49,0.385,0.125,0.5395,0.2175,0.128,0.165,11
"2262",2263,"F",0.58,0.455,0.16,0.9215,0.312,0.196,0.3,17
"15",15,"F",0.47,0.355,0.1,0.4755,0.1675,0.0805,0.185,10
"2111",2112,"I",0.455,0.355,0.08,0.452,0.2165,0.0995,0.125,9
"3299",3300,"M",0.605,0.485,0.175,1.145,0.4325,0.27,0.405,16
"2486",2487,"F",0.49,0.4,0.145,0.6635,0.21,0.1295,0.2515,13
"1670",1671,"F",0.61,0.485,0.15,1.2405,0.6025,0.2915,0.3085,12
"2094",2095,"I",0.405,0.305,0.09,0.2825,0.114,0.0575,0.095,7
"806",806,"M",0.405,0.305,0.12,0.3185,0.1235,0.0905,0.095,7
"1703",1704,"F",0.64,0.505,0.165,1.2235,0.5215,0.2695,0.36,10
"3178",3179,"M",0.38,0.3,0.1,0.2505,0.106,0.0535,0.0775,8
"791",791,"F",0.57,0.465,0.16,0.8935,0.3145,0.2575,0.263,10
"1596",1597,"I",0.53,0.42,0.12,0.5965,0.2555,0.141,0.177,7
"478",478,"M",0.665,0.54,0.175,1.347,0.4955,0.254,0.415,17
"4172",4174,"M",0.59,0.44,0.135,0.966,0.439,0.2145,0.2605,10
"421",421,"F",0.67,0.54,0.165,1.5015,0.518,0.358,0.505,14
"1562",1563,"I",0.45,0.335,0.11,0.4195,0.181,0.085,0.1345,7
"3518",3519,"M",0.71,0.57,0.195,1.348,0.8985,0.4435,0.4535,11
"902",902,"I",0.3,0.23,0.095,0.1385,0.056,0.0365,0.037,6
"18",18,"F",0.44,0.34,0.1,0.451,0.188,0.087,0.13,10
"1674",1675,"M",0.61,0.47,0.17,1.1185,0.5225,0.2405,0.31,9
"3002",3003,"M",0.645,0.505,0.185,1.463,0.592,0.3905,0.416,10
"741",741,"M",0.53,0.44,0.205,0.835,0.32,0.2175,0.245,14
"1222",1222,"I",0.33,0.205,0.095,0.1595,0.077,0.032,0.0435,5
"1527",1528,"M",0.72,0.565,0.2,2.1055,1.017,0.363,0.494,12
"2592",2593,"M",0.59,0.465,0.14,1.046,0.4695,0.263,0.263,7
"3781",3782,"M",0.615,0.455,0.13,0.9685,0.49,0.182,0.2655,10
"2135",2136,"M",0.565,0.425,0.1,0.7145,0.3055,0.166,0.18,12
"3332",3333,"I",0.44,0.34,0.125,0.4895,0.1735,0.0875,0.2,13
"1362",1363,"F",0.605,0.47,0.16,1.0835,0.5405,0.2215,0.275,12
"948",948,"M",0.475,0.37,0.125,0.537,0.222,0.1215,0.15,9
"1684",1685,"I",0.62,0.47,0.14,0.8565,0.3595,0.16,0.295,9
"36",36,"M",0.465,0.355,0.105,0.4795,0.227,0.124,0.125,8
"2473",2474,"F",0.615,0.47,0.175,1.2985,0.5135,0.343,0.32,14
"3574",3575,"F",0.6,0.47,0.17,1.0805,0.4995,0.2245,0.3205,9
"3128",3129,"F",0.63,0.495,0.19,1.1655,0.536,0.2115,0.1625,10
"1634",1635,"F",0.575,0.47,0.155,1.116,0.509,0.238,0.34,10
"667",667,"M",0.455,0.35,0.12,0.4835,0.1815,0.144,0.16,11
"1364",1365,"M",0.61,0.48,0.165,1.244,0.6345,0.257,0.305,12
"4171",4173,"F",0.565,0.45,0.165,0.887,0.37,0.239,0.249,11
"1017",1017,"M",0.63,0.485,0.155,1.278,0.637,0.275,0.31,8
"732",732,"M",0.545,0.42,0.13,0.879,0.374,0.1695,0.23,13
"12",12,"M",0.43,0.35,0.11,0.406,0.1675,0.081,0.135,10
"3434",3435,"I",0.37,0.28,0.09,0.2565,0.1255,0.0645,0.0645,6
"2177",2178,"F",0.58,0.45,0.235,1.071,0.3,0.206,0.395,14
"3224",3225,"M",0.64,0.525,0.2,1.3765,0.44,0.3075,0.47,16
"64",64,"M",0.425,0.325,0.095,0.3785,0.1705,0.08,0.1,7
"3233",3234,"F",0.61,0.48,0.19,1.2955,0.5215,0.3225,0.365,12
"1713",1714,"M",0.645,0.5,0.175,1.3375,0.554,0.308,0.415,10
"3619",3620,"F",0.64,0.5,0.17,1.12,0.4955,0.2645,0.32,12
"2821",2822,"I",0.39,0.29,0.09,0.2625,0.117,0.054,0.077,7
"1468",1469,"M",0.52,0.4,0.125,0.559,0.254,0.139,0.149,8
"51",51,"I",0.52,0.41,0.12,0.595,0.2385,0.111,0.19,8
"1168",1168,"M",0.62,0.47,0.135,1.0195,0.5315,0.2005,0.2475,8
"328",328,"M",0.51,0.4,0.13,0.6435,0.27,0.1665,0.205,12
"1121",1121,"M",0.545,0.39,0.135,0.7835,0.4225,0.1815,0.156,7
"1542",1543,"I",0.36,0.265,0.075,0.1845,0.083,0.0365,0.055,7
"1373",1374,"M",0.615,0.475,0.17,1.129,0.4795,0.302,0.3,10
"2173",2174,"M",0.595,0.465,0.125,0.799,0.3245,0.2,0.23,10
"2159",2160,"F",0.64,0.51,0.2,1.3905,0.61,0.3315,0.41,12
"865",865,"M",0.6,0.495,0.175,1.29,0.606,0.276,0.3445,11
"2157",2158,"M",0.62,0.495,0.175,1.806,0.643,0.3285,0.725,17
"2945",2946,"F",0.635,0.485,0.19,1.3765,0.634,0.2885,0.406,11
"3364",3365,"M",0.33,0.245,0.085,0.171,0.0655,0.0365,0.055,11
"848",848,"F",0.545,0.44,0.135,0.9185,0.429,0.2015,0.2375,10
"696",696,"I",0.315,0.23,0.09,0.1285,0.043,0.04,0.04,7
"3139",3140,"I",0.335,0.26,0.09,0.1835,0.078,0.024,0.065,11
"2358",2359,"F",0.61,0.485,0.21,1.3445,0.535,0.2205,0.515,20
"1363",1364,"M",0.61,0.45,0.15,0.871,0.407,0.1835,0.25,10
"2686",2687,"M",0.63,0.505,0.15,1.3165,0.6325,0.2465,0.37,11
"1904",1905,"F",0.575,0.465,0.175,1.099,0.4735,0.202,0.35,9
"2012",2013,"I",0.46,0.35,0.11,0.4675,0.2125,0.099,0.1375,7
"598",598,"I",0.605,0.47,0.14,0.939,0.3385,0.201,0.32,13
"3455",3456,"M",0.6,0.475,0.155,1.1385,0.502,0.2295,0.31,9
"941",941,"I",0.46,0.345,0.105,0.449,0.196,0.0945,0.1265,7
"660",660,"F",0.585,0.475,0.185,0.9585,0.4145,0.1615,0.33,11
"571",571,"I",0.45,0.35,0.14,0.474,0.21,0.109,0.1275,16
"4059",4061,"I",0.545,0.405,0.13,0.658,0.327,0.1445,0.174,8
"3668",3669,"F",0.585,0.465,0.145,0.9855,0.4325,0.2145,0.2845,10
"188",188,"F",0.63,0.5,0.185,1.383,0.54,0.3315,0.38,10
"1931",1932,"M",0.62,0.49,0.15,1.195,0.4605,0.302,0.355,9
"1312",1313,"F",0.55,0.405,0.125,0.651,0.2965,0.137,0.2,9
"463",463,"I",0.24,0.185,0.07,0.0715,0.026,0.018,0.025,6
"3057",3058,"M",0.615,0.49,0.17,1.145,0.4915,0.208,0.343,13
"2320",2321,"I",0.4,0.31,0.1,0.2875,0.1145,0.0635,0.095,10
"695",695,"I",0.165,0.11,0.02,0.019,0.0065,0.0025,0.005,4
"1896",1897,"M",0.57,0.44,0.175,0.9415,0.3805,0.2285,0.283,9
"408",408,"M",0.59,0.485,0.12,0.911,0.39,0.182,0.29,16
"4163",4165,"I",0.39,0.29,0.1,0.2845,0.1255,0.0635,0.081,7
"1699",1700,"I",0.635,0.5,0.165,1.489,0.715,0.3445,0.3615,13
"4038",4040,"I",0.56,0.44,0.155,0.811,0.3685,0.178,0.235,11
"3406",3407,"I",0.35,0.28,0.075,0.196,0.082,0.04,0.064,8
"133",133,"F",0.325,0.26,0.09,0.1915,0.085,0.036,0.062,7
"1935",1936,"M",0.62,0.485,0.155,1.0295,0.425,0.2315,0.335,12
"2660",2661,"I",0.555,0.425,0.13,0.648,0.2835,0.133,0.2105,8
"1045",1045,"M",0.69,0.525,0.175,1.7005,0.8255,0.362,0.405,8
"1014",1014,"F",0.625,0.475,0.175,1.1435,0.4755,0.2475,0.349,10
"160",160,"F",0.575,0.46,0.165,1.124,0.2985,0.1785,0.44,13
"2672",2673,"F",0.595,0.465,0.15,1.1005,0.5415,0.166,0.265,8
"3554",3555,"I",0.53,0.42,0.13,0.658,0.296,0.1245,0.198,8
"3274",3275,"F",0.5,0.405,0.14,0.6735,0.265,0.124,0.25,18
"1664",1665,"I",0.605,0.47,0.145,0.8025,0.379,0.2265,0.22,9
"3069",3070,"M",0.655,0.54,0.165,1.403,0.6955,0.2385,0.42,11
"1155",1155,"M",0.6,0.455,0.17,1.1915,0.696,0.2395,0.24,8
"1262",1263,"I",0.455,0.345,0.105,0.4005,0.164,0.0755,0.126,8
"2453",2454,"I",0.325,0.2,0.08,0.0995,0.0395,0.0225,0.032,8
"1341",1342,"M",0.585,0.49,0.185,1.171,0.522,0.2535,0.335,10
"4074",4076,"M",0.545,0.45,0.15,0.7805,0.3795,0.1625,0.216,8
"150",150,"I",0.17,0.13,0.095,0.03,0.013,0.008,0.01,4
"3268",3269,"M",0.41,0.31,0.125,0.3595,0.1415,0.0885,0.115,11
"3335",3336,"F",0.425,0.325,0.135,0.382,0.1465,0.079,0.14,12
"2046",2047,"I",0.415,0.305,0.12,0.336,0.165,0.076,0.0805,7
"1984",1985,"F",0.75,0.55,0.195,1.8325,0.83,0.366,0.44,11
"4134",4136,"F",0.6,0.5,0.17,1.13,0.4405,0.267,0.335,11
"4075",4077,"I",0.545,0.43,0.14,0.772,0.289,0.19,0.2615,8
"2607",2608,"F",0.625,0.49,0.165,1.127,0.477,0.2365,0.3185,9
"2687",2688,"M",0.63,0.51,0.175,1.3415,0.6575,0.262,0.375,10
"2728",2729,"I",0.405,0.31,0.11,0.91,0.416,0.2075,0.0995,8
"2953",2954,"F",0.645,0.52,0.17,1.197,0.526,0.2925,0.317,11
"68",68,"F",0.595,0.495,0.185,1.285,0.416,0.224,0.485,13
"129",129,"M",0.7,0.535,0.16,1.7255,0.63,0.2635,0.54,19
"3844",3845,"M",0.57,0.45,0.155,0.91,0.326,0.1895,0.355,14
"1826",1827,"I",0.31,0.215,0.075,0.1275,0.0565,0.0275,0.036,7
"934",934,"I",0.45,0.36,0.13,0.478,0.191,0.127,0.137,7
"3791",3792,"F",0.65,0.495,0.175,1.227,0.528,0.258,0.37,11
"2541",2542,"F",0.69,0.55,0.18,1.659,0.8715,0.2655,0.4395,9
"778",778,"M",0.49,0.38,0.14,0.6385,0.2305,0.142,0.195,13
"3208",3209,"I",0.32,0.25,0.08,0.1565,0.057,0.034,0.06,9
"2627",2628,"I",0.275,0.205,0.07,0.1055,0.495,0.019,0.0315,5
"3737",3738,"M",0.625,0.47,0.15,1.124,0.556,0.2315,0.287,9
"2667",2668,"F",0.585,0.45,0.15,0.938,0.467,0.203,0.225,7
"3762",3763,"I",0.53,0.395,0.115,0.475,0.2025,0.101,0.148,8
"3709",3710,"M",0.685,0.55,0.19,1.885,0.89,0.41,0.4895,10
"2628",2629,"I",0.29,0.21,0.06,0.1045,0.0415,0.022,0.035,5
"3603",3604,"I",0.42,0.325,0.11,0.325,0.1245,0.0755,0.1025,7
"186",186,"M",0.62,0.49,0.19,1.218,0.5455,0.2965,0.355,13
"471",471,"F",0.53,0.44,0.135,0.7835,0.313,0.1715,0.2185,9
"2578",2579,"M",0.515,0.395,0.12,0.646,0.285,0.1365,0.172,9
"3794",3795,"M",0.67,0.52,0.175,1.4755,0.6275,0.379,0.374,10
"2414",2415,"I",0.42,0.305,0.11,0.28,0.094,0.0785,0.0955,9
"648",648,"M",0.48,0.375,0.145,0.777,0.216,0.13,0.17,9
"3530",3531,"I",0.36,0.265,0.09,0.2055,0.096,0.037,0.0585,7
"346",346,"M",0.49,0.39,0.14,0.707,0.2795,0.2185,0.18,13
"4146",4148,"M",0.695,0.55,0.195,1.6645,0.727,0.36,0.445,11
"2703",2704,"M",0.68,0.53,0.18,1.529,0.7635,0.3115,0.4025,11
"2806",2807,"F",0.675,0.525,0.17,1.711,0.8365,0.352,0.475,9
"543",543,"M",0.42,0.325,0.115,0.2885,0.1,0.057,0.1135,15
"3385",3386,"F",0.475,0.35,0.115,0.487,0.194,0.1455,0.125,13
"2773",2774,"F",0.58,0.465,0.145,0.9865,0.47,0.2155,0.25,11
"1864",1865,"I",0.52,0.395,0.125,0.5805,0.2445,0.146,0.165,9
"3883",3884,"M",0.54,0.425,0.12,0.817,0.2945,0.153,0.195,10
"742",742,"F",0.36,0.265,0.09,0.2065,0.078,0.057,0.06,8
"2799",2800,"M",0.64,0.495,0.17,1.139,0.5395,0.282,0.285,10
"11",11,"F",0.525,0.38,0.14,0.6065,0.194,0.1475,0.21,14
"1660",1661,"M",0.6,0.47,0.165,1.059,0.504,0.241,0.275,9
"3363",3364,"I",0.54,0.405,0.15,0.7585,0.307,0.2075,0.19,10
"3174",3175,"M",0.45,0.355,0.12,0.3955,0.147,0.0765,0.145,9
"1089",1089,"I",0.45,0.34,0.12,0.4925,0.241,0.1075,0.12,6
"4167",4169,"F",0.515,0.4,0.125,0.615,0.2865,0.123,0.1765,8
"3509",3510,"F",0.645,0.52,0.175,1.3345,0.667,0.2665,0.355,10
"2079",2080,"F",0.62,0.49,0.16,1.056,0.493,0.244,0.2725,9
"856",856,"F",0.575,0.465,0.14,0.958,0.442,0.1815,0.2705,9
"27",27,"F",0.58,0.45,0.185,0.9955,0.3945,0.272,0.285,11
"2385",2386,"F",0.45,0.345,0.115,0.496,0.1905,0.117,0.14,12
"3918",3919,"F",0.645,0.49,0.19,1.3065,0.479,0.3565,0.345,18
"3423",3424,"F",0.63,0.475,0.15,1.172,0.536,0.254,0.316,11
"2874",2875,"I",0.425,0.34,0.1,0.371,0.15,0.0865,0.115,8
"2684",2685,"F",0.625,0.49,0.155,1.115,0.484,0.277,0.3095,9
"2912",2913,"I",0.585,0.45,0.135,0.855,0.3795,0.187,0.26,9
"4153",4155,"I",0.435,0.33,0.095,0.393,0.219,0.075,0.0885,6
"1641",1642,"M",0.575,0.445,0.16,0.839,0.4005,0.198,0.239,9
"2233",2234,"M",0.595,0.475,0.17,1.0965,0.419,0.229,0.35,17
"597",597,"F",0.55,0.43,0.14,0.7135,0.2565,0.186,0.225,9
"3875",3876,"M",0.295,0.225,0.09,0.1385,0.048,0.046,0.05,9
"1519",1520,"M",0.67,0.51,0.175,1.5265,0.651,0.4475,0.345,10
"2888",2889,"I",0.51,0.4,0.125,0.5935,0.239,0.13,0.204,8
"1680",1681,"M",0.62,0.515,0.175,1.221,0.535,0.241,0.395,13
"278",278,"M",0.61,0.5,0.24,1.642,0.532,0.3345,0.69,18
"2664",2665,"F",0.57,0.43,0.16,0.811,0.3875,0.159,0.2285,9
"1609",1610,"I",0.545,0.375,0.12,0.543,0.2375,0.1155,0.1725,8
"735",735,"M",0.525,0.425,0.12,0.8665,0.2825,0.176,0.29,18
"4063",4065,"F",0.64,0.49,0.18,1.36,0.653,0.347,0.305,9
"1215",1215,"I",0.275,0.195,0.09,0.1125,0.0545,0.0295,0.0355,6
"1355",1356,"F",0.6,0.465,0.155,1.04,0.4755,0.25,0.28,11
"1331",1332,"M",0.57,0.435,0.17,0.873,0.382,0.183,0.2705,10
"1574",1575,"M",0.48,0.355,0.16,0.464,0.221,0.106,0.239,8
"3879",3880,"F",0.61,0.49,0.17,1.1775,0.5655,0.2385,0.295,15
"2055",2056,"I",0.465,0.355,0.09,0.4325,0.2005,0.074,0.1275,9
"2102",2103,"I",0.41,0.31,0.11,0.315,0.124,0.082,0.095,9
"3318",3319,"M",0.165,0.125,0.04,0.0245,0.0095,0.0045,0.008,4
"2934",2935,"F",0.62,0.475,0.15,0.9545,0.455,0.1865,0.277,9
"2361",2362,"M",0.55,0.45,0.155,0.7895,0.343,0.159,0.25,12
"2493",2494,"I",0.42,0.31,0.1,0.2865,0.115,0.0735,0.085,8
"2695",2696,"M",0.65,0.51,0.155,1.407,0.7215,0.298,0.335,9
"2980",2981,"I",0.5,0.37,0.115,0.5745,0.306,0.112,0.141,7
"3196",3197,"I",0.325,0.245,0.075,0.1495,0.0605,0.033,0.045,5
"3358",3359,"M",0.285,0.215,0.075,0.106,0.0415,0.023,0.035,5
"2678",2679,"M",0.615,0.45,0.15,1.198,0.707,0.2095,0.2505,7
"3633",3634,"I",0.3,0.22,0.065,0.1195,0.052,0.0155,0.035,5
"1416",1417,"F",0.7,0.545,0.13,1.556,0.6725,0.374,0.195,12
"3569",3570,"I",0.58,0.47,0.15,0.907,0.444,0.1855,0.2445,11
"1625",1626,"M",0.565,0.43,0.15,0.831,0.4245,0.1735,0.219,10
"2500",2501,"F",0.48,0.39,0.125,0.6905,0.219,0.155,0.2,12
"767",767,"F",0.59,0.445,0.13,1.1325,0.3825,0.234,0.32,13
"3766",3767,"F",0.555,0.44,0.14,0.846,0.346,0.1715,0.2735,10
"3566",3567,"M",0.575,0.45,0.155,0.886,0.3605,0.211,0.2575,9
"1812",1813,"M",0.65,0.485,0.16,1.7395,0.5715,0.2785,0.3075,10
"531",531,"I",0.53,0.42,0.185,0.752,0.299,0.156,0.205,20
"2478",2479,"F",0.47,0.355,0.18,0.441,0.1525,0.1165,0.135,8
"3606",3607,"F",0.51,0.375,0.11,0.5805,0.2865,0.118,0.148,7
"3017",3018,"I",0.435,0.325,0.105,0.335,0.136,0.065,0.115,8
"744",744,"F",0.52,0.405,0.14,0.8175,0.2795,0.183,0.26,17
"2598",2599,"M",0.6,0.46,0.15,1.247,0.5335,0.2735,0.29,9
"2629",2630,"I",0.33,0.24,0.075,0.163,0.0745,0.033,0.048,6
"3890",3891,"M",0.515,0.4,0.14,0.7365,0.2955,0.184,0.185,16
"482",482,"M",0.575,0.4,0.155,0.9325,0.3605,0.2445,0.3,17
"3165",3166,"F",0.545,0.41,0.115,0.6765,0.29,0.158,0.22,9
"688",688,"F",0.535,0.405,0.125,0.927,0.26,0.1425,0.345,16
"1376",1377,"M",0.62,0.51,0.175,1.2815,0.5715,0.2385,0.39,10
"2352",2353,"M",0.7,0.53,0.19,1.3185,0.548,0.233,0.42,18
"3889",3890,"M",0.62,0.5,0.2,1.221,0.4605,0.263,0.43,12
"2829",2830,"I",0.52,0.395,0.145,0.77,0.424,0.142,0.1895,7
"3567",3568,"I",0.58,0.46,0.14,0.9265,0.4135,0.1845,0.27,10
"3708",3709,"F",0.675,0.53,0.195,1.4985,0.62,0.375,0.425,9
"995",995,"F",0.58,0.45,0.145,1.137,0.5585,0.22,0.29,8
"2307",2308,"F",0.465,0.375,0.135,0.6,0.2225,0.129,0.23,16
"1827",1828,"I",0.34,0.26,0.085,0.1885,0.0815,0.0335,0.06,6
"2366",2367,"M",0.695,0.57,0.23,1.885,0.8665,0.435,0.5,19
"3988",3989,"M",0.665,0.515,0.165,1.3855,0.621,0.302,0.3445,8
"3342",3343,"M",0.43,0.33,0.095,0.34,0.1315,0.085,0.112,14
"2884",2885,"I",0.505,0.425,0.125,0.6115,0.245,0.1375,0.2,9
"2465",2466,"M",0.5,0.39,0.13,0.709,0.275,0.168,0.18,11
"3479",3480,"I",0.44,0.33,0.11,0.38,0.197,0.079,0.09,7
"931",931,"I",0.44,0.325,0.09,0.35,0.148,0.067,0.105,7
"2456",2457,"I",0.25,0.18,0.06,0.073,0.028,0.017,0.0225,5
"2295",2296,"F",0.52,0.415,0.145,0.8045,0.3325,0.1725,0.285,10
"3085",3086,"I",0.255,0.185,0.06,0.0925,0.039,0.021,0.025,6
"118",118,"M",0.44,0.34,0.105,0.402,0.1305,0.0955,0.165,10
"1643",1644,"F",0.58,0.435,0.15,0.834,0.428,0.1515,0.23,8
"1124",1124,"F",0.55,0.415,0.135,0.8145,0.427,0.1855,0.175,8
"2697",2698,"M",0.66,0.515,0.165,1.4465,0.694,0.298,0.3755,10
"3343",3344,"F",0.455,0.365,0.11,0.385,0.166,0.046,0.1345,13
"1224",1224,"I",0.34,0.25,0.09,0.179,0.0775,0.033,0.055,6
"976",976,"F",0.53,0.425,0.15,0.8495,0.328,0.232,0.202,8
"542",542,"F",0.44,0.355,0.115,0.415,0.1585,0.0925,0.131,11
"3653",3654,"I",0.53,0.425,0.13,0.781,0.3905,0.2005,0.215,9
"2512",2513,"M",0.465,0.375,0.11,0.5,0.21,0.113,0.1505,8
"45",45,"I",0.21,0.15,0.05,0.042,0.0175,0.0125,0.015,4
"1557",1558,"I",0.425,0.325,0.11,0.317,0.135,0.048,0.09,8
"1764",1765,"I",0.275,0.175,0.09,0.2315,0.096,0.057,0.0705,5
"1715",1716,"M",0.645,0.485,0.15,1.2215,0.5695,0.2735,0.33,9
"892",892,"M",0.73,0.595,0.23,2.8255,1.1465,0.419,0.897,17
"698",698,"M",0.28,0.205,0.1,0.1165,0.0545,0.0285,0.03,5
"356",356,"M",0.7,0.58,0.205,2.13,0.7415,0.49,0.58,20
"799",799,"M",0.52,0.42,0.16,0.745,0.255,0.157,0.2885,11
"2552",2553,"I",0.31,0.225,0.075,0.155,0.065,0.037,0.0365,6
"1828",1829,"I",0.35,0.265,0.08,0.2,0.09,0.042,0.06,7
"1733",1734,"M",0.665,0.5,0.175,1.2975,0.6075,0.314,0.315,9
"3962",3963,"F",0.72,0.575,0.195,2.1505,1.0745,0.382,0.585,10
"2082",2083,"F",0.665,0.525,0.21,1.644,0.818,0.3395,0.4275,10
"2778",2779,"F",0.585,0.455,0.13,0.8755,0.411,0.2065,0.225,8
"1337",1338,"M",0.58,0.46,0.155,1.4395,0.6715,0.273,0.2955,10
"1192",1192,"M",0.695,0.56,0.185,1.74,0.885,0.3715,0.4375,10
"3240",3241,"M",0.555,0.435,0.135,0.858,0.377,0.1585,0.29,15
"274",274,"M",0.63,0.505,0.225,1.525,0.56,0.3335,0.45,15
"1368",1369,"M",0.61,0.46,0.16,1,0.494,0.197,0.275,10
"327",327,"I",0.32,0.255,0.1,0.1755,0.073,0.0415,0.065,7
"2594",2595,"F",0.595,0.465,0.15,1.0765,0.491,0.22,0.287,9
"3084",3085,"I",0.23,0.17,0.05,0.057,0.026,0.013,0.016,5
"639",639,"I",0.44,0.345,0.12,0.487,0.1965,0.108,0.16,14
"2273",2274,"F",0.67,0.52,0.15,1.406,0.519,0.348,0.37,13
"3405",3406,"I",0.34,0.25,0.075,0.1765,0.0785,0.0405,0.05,7
"4116",4118,"F",0.64,0.505,0.175,1.3185,0.6185,0.302,0.3315,9
"1890",1891,"M",0.565,0.455,0.155,0.9355,0.421,0.183,0.26,11
"992",992,"F",0.58,0.46,0.15,1.1155,0.5575,0.2255,0.29,7
"3229",3230,"F",0.64,0.505,0.19,1.2765,0.4835,0.328,0.4,12
"3549",3550,"I",0.5,0.365,0.125,0.528,0.229,0.103,0.1645,9
"2523",2524,"F",0.565,0.44,0.15,0.983,0.4475,0.2355,0.2485,9
"1817",1818,"F",0.685,0.535,0.175,1.5845,0.7175,0.3775,0.4215,9
"1443",1444,"M",0.415,0.315,0.115,0.3895,0.2015,0.065,0.103,9
"1324",1325,"I",0.565,0.44,0.175,0.8735,0.414,0.21,0.21,11
"3305",3306,"I",0.6,0.445,0.175,1.057,0.383,0.216,0.355,16
"2828",2829,"M",0.52,0.4,0.105,0.872,0.4515,0.1615,0.1985,9
"3690",3691,"M",0.64,0.5,0.175,1.273,0.5065,0.2925,0.405,13
"1601",1602,"I",0.54,0.43,0.17,0.836,0.3725,0.1815,0.24,9
"725",725,"M",0.465,0.36,0.08,0.488,0.191,0.125,0.155,11
"3680",3681,"F",0.61,0.495,0.165,1.0835,0.4525,0.273,0.317,9
"1133",1133,"F",0.565,0.45,0.175,1.0095,0.447,0.2375,0.2645,9
"3881",3882,"F",0.565,0.455,0.13,1.058,0.439,0.2645,0.3,10
"978",978,"F",0.535,0.4,0.135,0.8215,0.3935,0.196,0.205,8
"1051",1051,"F",0.715,0.525,0.185,1.56,0.6655,0.383,0.405,11
"901",901,"I",0.3,0.235,0.08,0.131,0.05,0.0265,0.043,4
"622",622,"I",0.485,0.38,0.14,0.673,0.2175,0.13,0.195,18
"1778",1779,"F",0.49,0.355,0.16,0.8795,0.3485,0.215,0.2825,8
"2760",2761,"I",0.55,0.43,0.145,0.712,0.3025,0.152,0.225,10
"1496",1497,"M",0.62,0.48,0.165,1.0725,0.4815,0.235,0.312,9
"1948",1949,"M",0.635,0.515,0.165,1.229,0.5055,0.2975,0.3535,10
"3018",3019,"I",0.44,0.32,0.105,0.3875,0.1755,0.074,0.12,9
"296",296,"I",0.295,0.215,0.085,0.128,0.049,0.034,0.04,6
"1203",1203,"M",0.725,0.505,0.185,1.978,1.026,0.4255,0.4505,12
"1314",1315,"I",0.55,0.435,0.14,0.7535,0.3285,0.1555,0.2325,10
"2993",2994,"F",0.595,0.43,0.21,1.5245,0.653,0.396,0.41,11
"3663",3664,"I",0.55,0.4,0.135,0.717,0.3315,0.1495,0.221,9
"2332",2333,"F",0.515,0.42,0.135,0.6295,0.2815,0.127,0.215,9
"1739",1740,"M",0.675,0.525,0.16,1.2835,0.572,0.2755,0.3545,13
"2605",2606,"F",0.62,0.475,0.16,1.3245,0.6865,0.233,0.3275,9
"2694",2695,"F",0.65,0.535,0.175,1.2895,0.6095,0.2765,0.344,10
"1661",1662,"M",0.6,0.47,0.16,1.194,0.5625,0.3045,0.2635,10
"3913",3914,"I",0.54,0.4,0.145,0.757,0.315,0.181,0.215,11
"431",431,"F",0.57,0.45,0.175,0.9555,0.38,0.1665,0.295,18
"2761",2762,"I",0.55,0.425,0.145,0.89,0.4325,0.171,0.236,10
"2815",2816,"I",0.32,0.235,0.09,0.183,0.098,0.0335,0.042,7
"400",400,"M",0.585,0.455,0.15,0.987,0.4355,0.2075,0.31,11
"3568",3569,"I",0.58,0.46,0.14,0.8295,0.3915,0.165,0.238,10
"262",262,"F",0.57,0.44,0.125,0.865,0.3675,0.1725,0.27,12
"229",229,"F",0.58,0.465,0.165,1.1015,0.404,0.2095,0.35,11
"2302",2303,"M",0.46,0.375,0.13,0.5735,0.2505,0.119,0.195,9
"1256",1256,"I",0.425,0.32,0.1,0.3055,0.126,0.06,0.106,7
"355",355,"M",0.635,0.515,0.17,1.275,0.509,0.286,0.34,16
"3328",3329,"I",0.575,0.475,0.17,0.967,0.3775,0.284,0.275,13
"235",235,"I",0.44,0.35,0.135,0.435,0.1815,0.083,0.125,12
"2028",2029,"F",0.57,0.435,0.15,0.8295,0.3875,0.156,0.245,10
"1546",1547,"I",0.38,0.285,0.095,0.243,0.0895,0.0665,0.075,7
"1104",1104,"F",0.505,0.39,0.125,0.5445,0.246,0.15,0.1405,7
"1993",1994,"I",0.29,0.21,0.06,0.1195,0.056,0.0235,0.03,6
"1322",1323,"F",0.56,0.445,0.155,1.224,0.5565,0.3225,0.2695,10
"1855",1856,"I",0.5,0.38,0.11,0.5605,0.28,0.106,0.15,9
"3645",3646,"I",0.475,0.335,0.1,0.4425,0.1895,0.086,0.135,9
"3590",3591,"F",0.65,0.52,0.195,1.6275,0.689,0.3905,0.432,11
"3336",3337,"F",0.45,0.35,0.125,0.4435,0.185,0.09,0.145,11
"2532",2533,"F",0.625,0.49,0.155,1.33,0.6675,0.259,0.33,10
"2944",2945,"M",0.63,0.51,0.17,1.1885,0.4915,0.3065,0.348,7
"3949",3950,"F",0.525,0.415,0.15,0.7155,0.2355,0.171,0.27,13
"287",287,"M",0.53,0.435,0.155,0.699,0.288,0.1595,0.205,10
"3022",3023,"I",0.46,0.37,0.11,0.3965,0.1485,0.0855,0.1455,8
"3713",3714,"M",0.71,0.555,0.175,2.14,1.2455,0.3725,0.434,11
"1338",1339,"M",0.58,0.455,0.135,0.7955,0.405,0.167,0.204,10
"3161",3162,"F",0.335,0.22,0.07,0.17,0.076,0.0365,0.05,6
"1607",1608,"I",0.54,0.425,0.135,0.686,0.3475,0.1545,0.213,8
"2557",2558,"I",0.39,0.295,0.1,0.279,0.1155,0.059,0.08,7
"3246",3247,"M",0.55,0.435,0.16,0.906,0.342,0.219,0.295,13
"2169",2170,"I",0.165,0.115,0.015,0.0145,0.0055,0.003,0.005,4
"3701",3702,"M",0.66,0.51,0.18,1.261,0.5,0.2335,0.339,10
"1616",1617,"I",0.555,0.395,0.13,0.5585,0.222,0.1245,0.17,9
"2066",2067,"F",0.54,0.385,0.14,0.7655,0.3265,0.116,0.2365,10
"1883",1884,"M",0.555,0.41,0.125,0.599,0.2345,0.1465,0.194,8
"288",288,"F",0.495,0.4,0.155,0.6445,0.242,0.1325,0.205,17
"49",49,"I",0.325,0.245,0.07,0.161,0.0755,0.0255,0.045,6
"509",509,"M",0.56,0.435,0.18,0.889,0.36,0.204,0.25,11
"50",50,"F",0.525,0.425,0.16,0.8355,0.3545,0.2135,0.245,9
"2168",2169,"M",0.335,0.235,0.085,0.1545,0.066,0.0345,0.045,6
"694",694,"M",0.38,0.29,0.12,0.283,0.1175,0.0655,0.085,9
"722",722,"M",0.555,0.455,0.16,1.0575,0.3925,0.228,0.293,13
"3658",3659,"I",0.535,0.45,0.155,0.8075,0.3655,0.148,0.2595,10
"3678",3679,"F",0.605,0.49,0.15,1.1345,0.4305,0.2525,0.35,10
"2743",2744,"I",0.475,0.355,0.115,0.5195,0.279,0.088,0.1325,7
"3902",3903,"I",0.16,0.12,0.02,0.018,0.0075,0.0045,0.005,4
"717",717,"I",0.29,0.205,0.07,0.0975,0.036,0.019,0.035,8
"470",470,"M",0.675,0.555,0.2,1.4385,0.545,0.2665,0.465,21
"1454",1455,"I",0.47,0.355,0.12,0.3685,0.126,0.0835,0.1365,6
"3456",3457,"F",0.61,0.48,0.16,1.234,0.598,0.238,0.315,12
"1404",1405,"F",0.655,0.525,0.19,1.3595,0.564,0.3215,0.3985,10
"1794",1795,"I",0.575,0.45,0.13,0.8145,0.403,0.1715,0.213,10
"1289",1290,"I",0.505,0.395,0.105,0.551,0.248,0.103,0.171,8
"3029",3030,"I",0.52,0.41,0.14,0.6625,0.2775,0.1555,0.196,11
"2237",2238,"M",0.585,0.465,0.19,1.171,0.3905,0.2355,0.4,17
"2318",2319,"F",0.505,0.385,0.135,0.6185,0.251,0.1175,0.2,12
"3980",3981,"F",0.525,0.41,0.115,0.7745,0.416,0.163,0.18,7
"1186",1186,"F",0.67,0.505,0.205,1.3645,0.6075,0.3025,0.353,9
"1745",1746,"F",0.69,0.55,0.2,1.569,0.687,0.3675,0.46,12
"3419",3420,"M",0.59,0.47,0.135,1.1685,0.539,0.279,0.28,8
"3628",3629,"F",0.735,0.565,0.225,2.037,0.87,0.5145,0.5675,13
"813",813,"I",0.235,0.175,0.055,0.067,0.027,0.0125,0.018,6
"1848",1849,"I",0.475,0.34,0.105,0.4535,0.203,0.08,0.1465,9
"3111",3112,"I",0.41,0.325,0.105,0.361,0.1605,0.0665,0.103,8
"2270",2271,"F",0.6,0.475,0.18,1.162,0.511,0.2675,0.32,18
"1263",1264,"F",0.455,0.365,0.115,0.4305,0.184,0.108,0.1245,8
"3313",3314,"M",0.4,0.31,0.11,0.314,0.138,0.057,0.1,11
"2509",2510,"I",0.415,0.315,0.09,0.3625,0.175,0.0835,0.093,6
"251",251,"I",0.33,0.25,0.105,0.1715,0.0655,0.035,0.06,7
"4051",4053,"M",0.625,0.47,0.145,1.7855,0.675,0.247,0.3245,13
"35",35,"F",0.705,0.55,0.2,1.7095,0.633,0.4115,0.49,13
"1901",1902,"M",0.575,0.435,0.135,0.992,0.432,0.2225,0.239,10
"3987",3988,"F",0.655,0.545,0.185,1.759,0.6865,0.313,0.547,11
"690",690,"M",0.59,0.44,0.15,0.9555,0.366,0.2425,0.295,11
"545",545,"F",0.38,0.29,0.105,0.257,0.099,0.051,0.085,10
"1228",1228,"I",0.35,0.255,0.09,0.1785,0.0855,0.0305,0.0525,8
"1105",1105,"I",0.51,0.405,0.125,0.6795,0.3465,0.1395,0.182,8
"890",890,"F",0.685,0.54,0.16,1.6675,0.833,0.3775,0.475,11
"636",636,"M",0.355,0.265,0.09,0.168,0.05,0.041,0.063,8
"950",950,"M",0.48,0.375,0.115,0.6765,0.3205,0.1065,0.17,6
"3150",3151,"F",0.655,0.505,0.165,1.367,0.5835,0.3515,0.396,10
"919",919,"I",0.41,0.305,0.09,0.3535,0.157,0.0745,0.1,7
"2098",2099,"M",0.47,0.35,0.1,0.4775,0.1885,0.0885,0.175,8
"92",92,"M",0.555,0.44,0.15,0.755,0.307,0.1525,0.26,12
"3510",3511,"M",0.65,0.505,0.18,1.469,0.7115,0.3335,0.38,9
"3087",3088,"I",0.425,0.31,0.095,0.3075,0.139,0.0745,0.093,7
"2862",2863,"M",0.735,0.57,0.21,2.2355,1.1705,0.463,0.5315,10
"1481",1482,"F",0.58,0.435,0.14,0.953,0.475,0.2165,0.2095,9
"2005",2006,"I",0.395,0.29,0.095,0.3,0.158,0.068,0.078,7
"749",749,"M",0.535,0.42,0.13,0.8055,0.301,0.181,0.28,14
"3262",3263,"F",0.595,0.485,0.145,1.2515,0.5035,0.2925,0.33,14
"3728",3729,"I",0.51,0.375,0.15,0.8415,0.3845,0.156,0.255,10
"1614",1615,"I",0.55,0.415,0.145,0.7815,0.373,0.16,0.2215,8
"142",142,"F",0.55,0.45,0.145,0.741,0.295,0.1435,0.2665,10
"904",904,"I",0.315,0.235,0.075,0.1485,0.0585,0.0375,0.0425,6
"2460",2461,"M",0.445,0.35,0.14,0.5905,0.2025,0.158,0.19,14
"4020",4022,"F",0.69,0.58,0.195,1.658,0.708,0.3615,0.4715,10
"2483",2484,"F",0.54,0.415,0.175,0.8975,0.275,0.241,0.275,14
"609",609,"M",0.37,0.285,0.1,0.228,0.0675,0.0675,0.081,10
"651",651,"M",0.255,0.18,0.065,0.079,0.034,0.014,0.025,5
"2601",2602,"F",0.615,0.5,0.165,1.327,0.6,0.3015,0.355,10
"1960",1961,"F",0.65,0.51,0.185,1.375,0.531,0.384,0.3985,10
"3409",3410,"I",0.395,0.31,0.095,0.313,0.131,0.072,0.093,7
"3360",3361,"F",0.58,0.44,0.175,1.073,0.4005,0.2345,0.335,19
"387",387,"M",0.54,0.42,0.155,0.7385,0.3515,0.152,0.215,12
"3367",3368,"I",0.59,0.465,0.195,1.0885,0.3685,0.187,0.375,17
"3730",3731,"M",0.515,0.37,0.115,0.6145,0.3415,0.155,0.146,9
"3095",3096,"M",0.53,0.415,0.12,0.706,0.3355,0.1635,0.1345,9
"3674",3675,"F",0.595,0.45,0.165,1.081,0.49,0.2525,0.279,12
"2236",2237,"F",0.56,0.435,0.185,1.106,0.422,0.2435,0.33,15
"2118",2119,"F",0.48,0.38,0.12,0.608,0.2705,0.1405,0.185,8
"3871",3872,"F",0.45,0.36,0.11,0.447,0.203,0.082,0.13,12
"130",130,"M",0.71,0.54,0.165,1.959,0.7665,0.261,0.78,18
"1494",1495,"M",0.62,0.485,0.155,1.049,0.462,0.231,0.25,10
"3695",3696,"F",0.65,0.52,0.195,1.281,0.5985,0.246,0.3825,10
"1352",1353,"M",0.6,0.475,0.17,1.1315,0.508,0.272,0.309,10
"1254",1254,"I",0.42,0.305,0.09,0.328,0.168,0.0615,0.082,6
"4010",4012,"M",0.615,0.53,0.17,1.12,0.5775,0.2095,0.286,9
"3726",3727,"I",0.5,0.395,0.145,0.7865,0.332,0.1815,0.2455,8
"680",680,"F",0.37,0.275,0.1,0.2225,0.093,0.026,0.08,8
"1134",1134,"M",0.57,0.46,0.15,1.0375,0.5415,0.2035,0.25,9
"2610",2611,"F",0.63,0.495,0.145,1.147,0.5455,0.266,0.2885,9
"921",921,"I",0.415,0.33,0.09,0.3595,0.17,0.081,0.09,6
"2184",2185,"I",0.32,0.235,0.08,0.1485,0.064,0.031,0.045,6
"3107",3108,"I",0.37,0.275,0.1,0.2815,0.1505,0.0505,0.068,5
"2803",2804,"M",0.65,0.51,0.175,1.446,0.6485,0.2705,0.45,12
"225",225,"I",0.425,0.38,0.105,0.3265,0.1285,0.0785,0.1,10
"313",313,"M",0.595,0.455,0.195,1.3305,0.4595,0.3235,0.345,19
"1143",1143,"M",0.575,0.445,0.17,1.0225,0.549,0.2175,0.228,9
"3001",3002,"M",0.64,0.495,0.165,1.307,0.678,0.292,0.266,11
"1740",1741,"F",0.675,0.51,0.195,1.382,0.6045,0.3175,0.3965,10
"3998",4000,"I",0.415,0.31,0.095,0.34,0.181,0.057,0.083,6
"2928",2929,"M",0.61,0.48,0.14,1.0625,0.516,0.225,0.2915,11
"2764",2765,"I",0.55,0.465,0.15,0.936,0.481,0.174,0.2435,9
"3255",3256,"I",0.3,0.23,0.075,0.15,0.0605,0.042,0.045,5
"3237",3238,"M",0.635,0.51,0.155,1.156,0.428,0.289,0.315,18
"4085",4087,"M",0.59,0.45,0.155,0.874,0.369,0.2135,0.24,8
"3469",3470,"F",0.715,0.585,0.23,2.0725,0.8655,0.4095,0.565,10
"2193",2194,"I",0.215,0.17,0.055,0.0605,0.0205,0.014,0.02,6
"851",851,"F",0.55,0.45,0.15,0.875,0.362,0.1755,0.2765,10
"329",329,"M",0.36,0.295,0.105,0.241,0.0865,0.053,0.095,8
"2567",2568,"F",0.46,0.35,0.115,0.46,0.2025,0.1115,0.1165,6
"3291",3292,"M",0.53,0.405,0.13,0.738,0.2845,0.17,0.193,9
"3120",3121,"F",0.525,0.4,0.13,0.6995,0.3115,0.131,0.223,9
"1845",1846,"I",0.445,0.33,0.11,0.358,0.1525,0.067,0.1185,8
"2187",2188,"M",0.495,0.385,0.135,0.6335,0.2,0.1225,0.26,14
"1886",1887,"M",0.555,0.455,0.135,0.837,0.382,0.171,0.235,9
"1209",1209,"M",0.755,0.58,0.205,2.0065,0.8295,0.4015,0.595,10
"790",790,"F",0.6,0.465,0.165,0.8875,0.309,0.246,0.262,12
"4053",4055,"F",0.635,0.5,0.18,1.2565,0.539,0.292,0.35,10
"3167",3168,"M",0.605,0.49,0.155,1.153,0.503,0.2505,0.295,15
"3056",3057,"M",0.615,0.485,0.215,0.9615,0.422,0.176,0.29,11
"3856",3857,"I",0.335,0.255,0.085,0.1785,0.071,0.0405,0.055,9
"917",917,"I",0.385,0.265,0.08,0.251,0.124,0.037,0.07,6
"4093",4095,"M",0.63,0.53,0.175,1.4135,0.667,0.2945,0.3555,13
"944",944,"I",0.465,0.345,0.11,0.4415,0.1755,0.0905,0.12,7
"1926",1927,"M",0.615,0.47,0.145,1.0285,0.4435,0.2825,0.285,11
"2298",2299,"I",0.415,0.325,0.1,0.385,0.167,0.08,0.125,7
"3908",3909,"I",0.455,0.365,0.135,0.441,0.1515,0.1165,0.145,9
"3863",3864,"F",0.655,0.5,0.18,1.4155,0.508,0.314,0.445,18
"1333",1334,"M",0.57,0.435,0.125,0.8965,0.383,0.1835,0.275,9
"3459",3460,"M",0.615,0.505,0.19,1.403,0.6715,0.2925,0.365,8
"656",656,"M",0.295,0.215,0.075,0.129,0.05,0.0295,0.04,7
"452",452,"F",0.675,0.535,0.16,1.41,0.592,0.3175,0.42,16
"2903",2904,"F",0.575,0.425,0.15,0.8765,0.455,0.18,0.228,8
"528",528,"F",0.57,0.445,0.155,0.733,0.282,0.159,0.235,14
"652",652,"I",0.335,0.245,0.09,0.1665,0.0595,0.04,0.06,6
"4115",4117,"M",0.625,0.48,0.16,1.2415,0.6575,0.2625,0.2785,9
"2603",2604,"F",0.62,0.51,0.175,1.2705,0.5415,0.323,0.3225,9
"1299",1300,"I",0.53,0.415,0.11,0.5745,0.2525,0.1235,0.189,9
"172",172,"F",0.53,0.395,0.145,0.775,0.308,0.169,0.255,7
"1815",1816,"F",0.665,0.515,0.185,1.3405,0.5595,0.293,0.4375,11
"2530",2531,"F",0.6,0.485,0.165,1.1405,0.587,0.2175,0.288,9
"139",139,"F",0.405,0.325,0.11,0.3555,0.151,0.063,0.117,9
"2124",2125,"M",0.385,0.295,0.095,0.335,0.147,0.094,0.09,7
"484",484,"F",0.58,0.46,0.15,0.9955,0.429,0.212,0.26,19
"1327",1328,"M",0.565,0.39,0.125,0.744,0.352,0.13,0.1685,11
"2451",2452,"M",0.35,0.26,0.09,0.198,0.0725,0.056,0.06,10
"2780",2781,"M",0.59,0.475,0.14,0.977,0.4625,0.2025,0.275,10
"2834",2835,"F",0.57,0.425,0.13,0.782,0.3695,0.1745,0.1965,8
"2021",2022,"M",0.525,0.41,0.13,0.6875,0.3435,0.1495,0.1765,9
"2284",2285,"I",0.405,0.315,0.105,0.347,0.1605,0.0785,0.1,9
"1792",1793,"M",0.57,0.455,0.175,1.02,0.4805,0.2145,0.29,9
"3462",3463,"F",0.625,0.47,0.17,1.255,0.525,0.2415,0.405,10
"957",957,"M",0.495,0.4,0.135,0.61,0.272,0.1435,0.144,7
"1620",1621,"I",0.56,0.44,0.13,0.7235,0.349,0.149,0.2,8
"1776",1777,"M",0.485,0.37,0.155,0.968,0.419,0.2455,0.2365,9
"864",864,"F",0.6,0.475,0.155,1.21,0.653,0.1695,0.3205,10
"3528",3529,"I",0.35,0.265,0.085,0.1735,0.0775,0.034,0.056,6
"3311",3312,"F",0.48,0.38,0.135,0.507,0.1915,0.1365,0.155,12
"3512",3513,"F",0.655,0.54,0.175,1.5585,0.7285,0.402,0.385,11
"2757",2758,"I",0.525,0.375,0.12,0.6315,0.3045,0.114,0.19,9
"2359",2360,"F",0.645,0.525,0.2,1.449,0.601,0.2565,0.505,13
"3698",3699,"F",0.65,0.51,0.175,1.35,0.575,0.3155,0.3885,10
"2060",2061,"M",0.5,0.39,0.135,0.7815,0.361,0.1575,0.2385,9
"3516",3517,"F",0.7,0.575,0.2,1.7365,0.7755,0.3965,0.461,11
"1982",1983,"M",0.72,0.565,0.19,2.081,1.0815,0.4305,0.503,11
"783",783,"M",0.515,0.435,0.145,0.8815,0.292,0.206,0.255,10
"3494",3495,"F",0.555,0.43,0.135,0.812,0.4055,0.163,0.2215,9
"226",226,"F",0.5,0.37,0.135,0.45,0.1715,0.1055,0.155,9
"16",16,"M",0.5,0.4,0.13,0.6645,0.258,0.133,0.24,12
"3983",3984,"F",0.585,0.45,0.125,0.874,0.3545,0.2075,0.225,6
"994",994,"M",0.58,0.455,0.15,1.012,0.4985,0.2115,0.2835,10
"26",26,"F",0.56,0.44,0.14,0.9285,0.3825,0.188,0.3,11
"3065",3066,"F",0.64,0.485,0.145,1.1335,0.5525,0.2505,0.3015,11
"1086",1086,"I",0.445,0.34,0.145,0.434,0.1945,0.0905,0.13,7
"1465",1466,"I",0.515,0.395,0.125,0.556,0.2695,0.096,0.17,8
"2534",2535,"M",0.64,0.585,0.195,1.647,0.7225,0.331,0.471,12
"3319",3320,"F",0.705,0.555,0.2,1.4685,0.4715,0.3235,0.52,19
"3734",3735,"M",0.615,0.505,0.165,1.167,0.4895,0.2955,0.345,10
"1375",1376,"F",0.615,0.475,0.155,1.115,0.484,0.2115,0.355,10
"2259",2260,"F",0.59,0.465,0.16,1.1005,0.506,0.2525,0.295,13
"910",910,"I",0.335,0.25,0.075,0.186,0.0945,0.038,0.0445,7
"3725",3726,"M",0.495,0.375,0.155,0.976,0.45,0.2285,0.2475,9
"3497",3498,"F",0.585,0.45,0.145,0.9835,0.4845,0.242,0.22,9
"2795",2796,"M",0.63,0.47,0.15,1.1355,0.539,0.2325,0.3115,12
"2517",2518,"M",0.48,0.37,0.135,0.6315,0.3445,0.1015,0.161,7
"301",301,"F",0.405,0.305,0.095,0.3485,0.1455,0.0895,0.1,9
"1259",1260,"I",0.435,0.315,0.11,0.3685,0.1615,0.0715,0.12,7
"1131",1131,"M",0.565,0.455,0.15,0.9595,0.4565,0.2395,0.23,9
"1979",1980,"M",0.7,0.55,0.195,1.6245,0.675,0.347,0.535,13
"2742",2743,"I",0.46,0.345,0.105,0.415,0.187,0.087,0.11,8
"4046",4048,"M",0.62,0.485,0.145,1.003,0.4655,0.2195,0.28,11
"3955",3956,"I",0.49,0.385,0.12,0.591,0.271,0.1125,0.1775,9
"2134",2135,"F",0.44,0.33,0.115,0.4005,0.143,0.113,0.12,8
"2625",2626,"M",0.77,0.6,0.215,2.1945,1.0515,0.482,0.584,10
"3215",3216,"F",0.62,0.485,0.175,1.271,0.531,0.3075,0.37,11
"41",41,"F",0.45,0.335,0.105,0.425,0.1865,0.091,0.115,9
"2894",2895,"I",0.54,0.425,0.13,0.8155,0.3675,0.1365,0.246,11
"73",73,"F",0.595,0.475,0.17,1.247,0.48,0.225,0.425,20
"1083",1083,"I",0.435,0.345,0.115,0.418,0.222,0.0735,0.106,7
"2844",2845,"M",0.605,0.475,0.19,1.1255,0.59,0.247,0.26,10
"2076",2077,"F",0.6,0.47,0.19,1.1345,0.492,0.2595,0.3375,10
"442",442,"I",0.335,0.26,0.1,0.192,0.0785,0.0585,0.07,8
"3152",3153,"F",0.47,0.375,0.105,0.513,0.232,0.142,0.13,11
"4076",4078,"I",0.55,0.435,0.125,0.741,0.348,0.1585,0.206,9
"3926",3927,"I",0.58,0.42,0.16,0.728,0.2725,0.19,0.19,14
"1188",1188,"M",0.685,0.52,0.165,1.519,0.699,0.3685,0.4,10
"857",857,"M",0.59,0.475,0.165,1.077,0.4545,0.244,0.3095,9
"1560",1561,"I",0.435,0.325,0.11,0.367,0.1595,0.08,0.105,6
"1022",1022,"M",0.64,0.505,0.155,1.4025,0.705,0.2655,0.335,10
"2544",2545,"F",0.73,0.57,0.165,2.0165,1.0685,0.418,0.435,10
"633",633,"M",0.46,0.365,0.125,0.467,0.1895,0.0945,0.158,10
"98",98,"M",0.47,0.375,0.13,0.523,0.214,0.132,0.145,8
"2843",2844,"M",0.6,0.45,0.16,1.142,0.539,0.225,0.307,10
"1666",1667,"F",0.605,0.47,0.155,0.974,0.393,0.224,0.3345,9
"451",451,"M",0.725,0.565,0.215,1.891,0.6975,0.4725,0.58,16
"3944",3945,"M",0.55,0.44,0.16,0.991,0.348,0.168,0.375,20
"281",281,"F",0.535,0.415,0.185,0.8415,0.314,0.1585,0.3,15
"1813",1814,"F",0.655,0.52,0.2,1.5475,0.713,0.314,0.466,9
"3942",3943,"F",0.525,0.4,0.115,0.6295,0.2555,0.144,0.18,11
"3545",3546,"I",0.475,0.36,0.135,0.4355,0.196,0.0925,0.125,8
"3437",3438,"I",0.395,0.3,0.09,0.279,0.134,0.049,0.075,8
"1898",1899,"F",0.57,0.44,0.12,0.803,0.382,0.1525,0.234,9
"308",308,"M",0.645,0.515,0.24,1.5415,0.471,0.369,0.535,13
"1709",1710,"M",0.645,0.51,0.19,1.4745,0.605,0.345,0.48,9
"2110",2111,"I",0.325,0.25,0.055,0.166,0.076,0.051,0.045,5
"4109",4111,"M",0.51,0.41,0.155,1.2825,0.569,0.291,0.3795,9
"3789",3790,"F",0.645,0.51,0.155,1.129,0.5015,0.24,0.342,10
"1092",1092,"I",0.45,0.33,0.11,0.3685,0.16,0.0885,0.102,6
"2998",2999,"F",0.635,0.51,0.17,1.2235,0.532,0.271,0.354,9
"3833",3834,"M",0.535,0.41,0.15,0.8105,0.345,0.187,0.24,11
"3222",3223,"M",0.52,0.435,0.195,0.973,0.2985,0.2135,0.355,18
"1575",1576,"I",0.485,0.375,0.13,0.6025,0.2935,0.1285,0.16,7
"2822",2823,"I",0.45,0.335,0.105,0.362,0.1575,0.0795,0.1095,7
"3046",3047,"M",0.585,0.45,0.175,1.1275,0.4925,0.262,0.335,11
"445",445,"F",0.41,0.325,0.105,0.3635,0.159,0.077,0.12,10
"4019",4021,"F",0.68,0.55,0.175,1.473,0.713,0.282,0.4295,11
"935",935,"I",0.45,0.355,0.105,0.4445,0.197,0.093,0.1335,8
"1874",1875,"I",0.535,0.455,0.14,1.0015,0.53,0.1765,0.244,9
"560",560,"I",0.52,0.4,0.145,0.66,0.267,0.1055,0.22,13
"1062",1062,"I",0.275,0.195,0.065,0.106,0.054,0.02,0.028,6
"294",294,"F",0.565,0.455,0.175,1.013,0.342,0.207,0.35,19
"1992",1993,"I",0.29,0.21,0.07,0.1115,0.048,0.0205,0.03,5
"1832",1833,"I",0.39,0.31,0.105,0.2665,0.1185,0.0525,0.081,8
"1434",1435,"I",0.375,0.28,0.085,0.3155,0.187,0.046,0.067,7
"576",576,"F",0.61,0.475,0.14,1.133,0.5275,0.2355,0.35,11
"1515",1516,"M",0.655,0.51,0.215,1.7835,0.8885,0.4095,0.4195,11
"3557",3558,"I",0.54,0.41,0.135,0.7025,0.31,0.177,0.2,8
"1658",1659,"I",0.6,0.48,0.17,0.9175,0.38,0.2225,0.29,8
"2772",2773,"M",0.58,0.44,0.175,1.2255,0.5405,0.2705,0.3265,10
"2179",2180,"F",0.595,0.47,0.25,1.283,0.462,0.2475,0.445,14
"132",132,"F",0.44,0.35,0.125,0.4035,0.175,0.063,0.129,9
"2966",2967,"M",0.67,0.54,0.175,1.482,0.739,0.2925,0.365,10
"613",613,"M",0.325,0.24,0.075,0.155,0.0475,0.0355,0.06,9
"906",906,"I",0.32,0.24,0.09,0.1575,0.07,0.0265,0.0425,5
"2759",2760,"F",0.545,0.44,0.15,0.9475,0.366,0.239,0.275,8
"601",601,"I",0.535,0.42,0.145,0.926,0.398,0.1965,0.25,17
"2412",2413,"M",0.31,0.245,0.095,0.15,0.0525,0.034,0.048,7
"4104",4106,"F",0.715,0.565,0.18,1.79,0.844,0.3535,0.5385,9
"3649",3650,"I",0.515,0.405,0.13,0.573,0.213,0.134,0.195,9
"2154",2155,"M",0.55,0.44,0.135,0.879,0.368,0.2095,0.265,10
"1165",1165,"M",0.615,0.46,0.17,1.0565,0.4815,0.272,0.27,10
"491",491,"M",0.59,0.455,0.145,1.073,0.475,0.19,0.285,14
"3011",3012,"I",0.375,0.285,0.09,0.237,0.106,0.0395,0.08,8
"1386",1387,"M",0.63,0.485,0.145,1.062,0.5065,0.1785,0.3365,12
"2180",2181,"F",0.625,0.42,0.165,1.0595,0.358,0.165,0.445,21
"2375",2376,"M",0.34,0.275,0.09,0.2065,0.0725,0.043,0.07,10
"838",838,"I",0.475,0.365,0.125,0.5465,0.229,0.1185,0.172,9
"782",782,"M",0.505,0.385,0.15,0.6415,0.246,0.152,0.215,12
"3272",3273,"M",0.465,0.36,0.125,0.4365,0.169,0.1075,0.145,11
"3201",3202,"F",0.385,0.3,0.1,0.2725,0.1115,0.057,0.08,6
"3315",3316,"M",0.35,0.26,0.09,0.195,0.0745,0.041,0.0655,9
"2406",2407,"F",0.58,0.46,0.185,1.017,0.3515,0.2,0.32,10
"433",433,"M",0.565,0.455,0.17,0.9065,0.342,0.156,0.32,18
"2115",2116,"I",0.18,0.13,0.045,0.0275,0.0125,0.01,0.009,3
"3524",3525,"I",0.32,0.24,0.085,0.131,0.0615,0.0265,0.038,6
"642",642,"I",0.62,0.485,0.18,1.1785,0.4675,0.2655,0.39,13
"2143",2144,"M",0.47,0.37,0.105,0.4665,0.2025,0.1015,0.155,10
"1408",1409,"F",0.66,0.495,0.21,1.548,0.724,0.3525,0.3925,10
"763",763,"F",0.54,0.44,0.135,0.959,0.2385,0.221,0.3,17
"1319",1320,"I",0.555,0.425,0.145,0.7905,0.3485,0.1765,0.225,9
"2121",2122,"I",0.475,0.36,0.11,0.4555,0.177,0.0965,0.145,9
"1137",1137,"F",0.575,0.46,0.145,0.9945,0.466,0.229,0.265,7
"1415",1416,"F",0.695,0.565,0.19,1.7635,0.7465,0.399,0.4975,11
"945",945,"F",0.465,0.35,0.125,0.482,0.23,0.106,0.1095,6
"90",90,"F",0.575,0.45,0.16,0.9775,0.3135,0.231,0.33,12
"2425",2426,"I",0.575,0.45,0.17,0.9315,0.358,0.2145,0.26,13
"3372",3373,"I",0.44,0.33,0.135,0.522,0.17,0.0905,0.195,16
"1301",1302,"I",0.535,0.4,0.135,0.6025,0.2895,0.121,0.154,9
"3515",3516,"F",0.69,0.525,0.19,1.492,0.6425,0.3905,0.42,12
"1656",1657,"F",0.6,0.475,0.15,1.13,0.575,0.196,0.305,9
"472",472,"F",0.515,0.405,0.12,0.646,0.2895,0.1405,0.177,10
"3636",3637,"I",0.39,0.29,0.09,0.2745,0.135,0.0455,0.078,8
"2342",2343,"I",0.255,0.185,0.07,0.075,0.028,0.018,0.025,6
"1502",1503,"M",0.63,0.48,0.15,1.271,0.6605,0.2425,0.31,11
"958",958,"M",0.5,0.39,0.135,0.6595,0.3145,0.1535,0.1565,6
"845",845,"M",0.525,0.395,0.13,0.7635,0.3375,0.1425,0.225,8
"3104",3105,"M",0.66,0.525,0.2,1.489,0.6065,0.3795,0.421,10
"2836",2837,"M",0.58,0.445,0.16,0.984,0.49,0.201,0.27,9
"583",583,"F",0.645,0.525,0.19,1.4635,0.6615,0.3435,0.435,19
"1651",1652,"F",0.595,0.435,0.15,0.9,0.4175,0.17,0.265,8
"1306",1307,"I",0.54,0.42,0.14,0.7265,0.3205,0.1445,0.229,9
"119",119,"F",0.56,0.43,0.15,0.8825,0.3465,0.172,0.31,9
"2979",2980,"M",0.49,0.355,0.155,0.981,0.465,0.2015,0.2505,8
"3447",3448,"F",0.505,0.39,0.12,0.5725,0.2555,0.1325,0.146,8
"2334",2335,"F",0.8,0.63,0.195,2.526,0.933,0.59,0.62,23
"4103",4105,"F",0.71,0.545,0.175,1.907,0.8725,0.4565,0.475,11
"339",339,"M",0.62,0.475,0.185,1.325,0.6045,0.325,0.33,13
"2246",2247,"F",0.38,0.325,0.11,0.3105,0.12,0.074,0.105,10
"185",185,"F",0.645,0.51,0.2,1.5675,0.621,0.367,0.46,12
"2462",2463,"M",0.44,0.325,0.08,0.413,0.144,0.1015,0.13,8
"174",174,"F",0.52,0.405,0.115,0.776,0.32,0.1845,0.22,8
"1531",1532,"I",0.21,0.17,0.045,0.0475,0.019,0.011,0.013,5
"1213",1213,"I",0.25,0.185,0.065,0.0685,0.0295,0.014,0.0225,5
"2851",2852,"F",0.635,0.51,0.185,1.286,0.526,0.295,0.4105,12
"4042",4044,"F",0.58,0.46,0.135,0.926,0.4025,0.208,0.275,8
"350",350,"M",0.61,0.48,0.15,1.2,0.56,0.2455,0.28,14
"1781",1782,"M",0.515,0.395,0.135,1.007,0.472,0.2495,0.252,8
"3886",3887,"F",0.46,0.375,0.12,0.4915,0.2205,0.088,0.17,7
"359",359,"M",0.745,0.585,0.215,2.499,0.9265,0.472,0.7,17
"1808",1809,"F",0.635,0.475,0.15,1.1845,0.533,0.307,0.291,10
"3357",3358,"I",0.375,0.285,0.1,0.239,0.105,0.0555,0.07,8
"3014",3015,"I",0.395,0.3,0.09,0.253,0.1155,0.05,0.075,6
"4079",4081,"I",0.555,0.43,0.125,0.7005,0.3395,0.1355,0.2095,8
"3390",3391,"M",0.56,0.44,0.16,1.1115,0.5035,0.2785,0.26,10
"146",146,"F",0.49,0.38,0.125,0.549,0.245,0.1075,0.174,10
"775",775,"M",0.49,0.38,0.14,0.7605,0.245,0.167,0.185,10
"4032",4034,"I",0.495,0.385,0.125,0.5125,0.2075,0.1155,0.172,10
"1506",1507,"F",0.64,0.515,0.205,1.5335,0.6635,0.3345,0.4025,9
"985",985,"M",0.57,0.45,0.155,1.195,0.5625,0.2565,0.295,10
"494",494,"M",0.655,0.53,0.175,1.2635,0.486,0.2635,0.415,15
"3401",3402,"M",0.48,0.395,0.15,0.6815,0.2145,0.1405,0.2495,18
"914",914,"I",0.37,0.29,0.095,0.249,0.1045,0.058,0.067,6
"3300",3301,"F",0.615,0.5,0.205,1.1055,0.4445,0.227,0.39,16
"3474",3475,"I",0.355,0.265,0.085,0.2435,0.122,0.0525,0.06,6
"1891",1892,"I",0.565,0.435,0.145,0.8445,0.3975,0.158,0.255,9
"803",803,"M",0.425,0.33,0.13,0.4405,0.152,0.0935,0.155,9
"2242",2243,"F",0.475,0.38,0.135,0.486,0.1735,0.07,0.185,7
"1189",1189,"F",0.69,0.54,0.155,1.454,0.624,0.3105,0.39,9
"2263",2264,"F",0.62,0.51,0.15,1.456,0.581,0.2875,0.32,13
"4092",4094,"M",0.63,0.485,0.18,1.2435,0.5175,0.308,0.37,11
"554",554,"I",0.48,0.37,0.12,0.514,0.2075,0.131,0.155,13
"2020",2021,"M",0.515,0.4,0.14,0.6335,0.288,0.145,0.168,9
"1856",1857,"I",0.505,0.405,0.13,0.599,0.2245,0.1175,0.225,11
"1288",1289,"I",0.505,0.38,0.12,0.594,0.2595,0.1435,0.18,7
"721",721,"I",0.16,0.11,0.025,0.018,0.0065,0.0055,0.005,3
"3287",3288,"M",0.55,0.46,0.13,0.7085,0.305,0.1455,0.205,12
"1923",1924,"F",0.61,0.46,0.145,1.1185,0.478,0.2945,0.2985,10
"1529",1530,"M",0.74,0.57,0.18,1.8725,0.9115,0.427,0.446,10
"4090",4092,"M",0.625,0.5,0.18,1.3705,0.645,0.303,0.3705,12
"1930",1931,"M",0.62,0.49,0.16,1.035,0.44,0.2525,0.285,11
"2372",2373,"F",0.405,0.325,0.11,0.3575,0.145,0.0725,0.11,12
"1593",1594,"I",0.525,0.38,0.135,0.615,0.261,0.159,0.175,8
"3933",3934,"I",0.235,0.18,0.06,0.058,0.022,0.0145,0.018,6
"352",352,"F",0.585,0.45,0.17,0.8685,0.3325,0.1635,0.27,22
"2852",2853,"F",0.645,0.49,0.16,1.1665,0.4935,0.3155,0.299,9
"595",595,"M",0.535,0.42,0.15,0.6995,0.2575,0.153,0.24,12
"2538",2539,"M",0.66,0.535,0.2,1.791,0.733,0.318,0.54,15
"2468",2469,"F",0.37,0.275,0.08,0.227,0.093,0.0625,0.07,8
"3400",3401,"M",0.53,0.43,0.135,0.879,0.28,0.2165,0.25,10
"2645",2646,"M",0.49,0.38,0.11,0.554,0.2935,0.1005,0.15,8
"3252",3253,"M",0.48,0.38,0.13,0.6175,0.3,0.142,0.175,12
"740",740,"M",0.445,0.345,0.09,0.3795,0.143,0.074,0.125,10
"2731",2732,"I",0.41,0.315,0.1,0.3,0.124,0.0575,0.1,8
"2051",2052,"F",0.455,0.355,1.13,0.594,0.332,0.116,0.1335,8
"1672",1673,"F",0.61,0.475,0.16,1.1155,0.3835,0.223,0.379,10
"2653",2654,"I",0.52,0.395,0.135,0.633,0.2985,0.1295,0.175,9
"3123",3124,"M",0.575,0.45,0.135,0.9215,0.354,0.209,0.2365,9
"2588",2589,"F",0.57,0.435,0.14,0.8585,0.3905,0.196,0.2295,8
"2128",2129,"M",0.62,0.51,0.175,1.1505,0.4375,0.2265,0.4,12
"2442",2443,"M",0.475,0.355,0.125,0.4625,0.186,0.107,0.145,9
"4001",4003,"I",0.485,0.375,0.125,0.562,0.2505,0.1345,0.1525,8
"1240",1240,"I",0.375,0.27,0.085,0.218,0.0945,0.039,0.07,7
"2548",2549,"I",0.275,0.195,0.07,0.0875,0.0345,0.022,0.0255,4
"2811",2812,"M",0.725,0.57,0.19,2.3305,1.253,0.541,0.52,9
"74",74,"M",0.57,0.48,0.175,1.185,0.474,0.261,0.38,11
"1216",1216,"I",0.305,0.215,0.065,0.1075,0.044,0.0205,0.038,5
"3950",3951,"F",0.53,0.425,0.13,0.717,0.2115,0.166,0.255,13
"2853",2854,"F",0.645,0.49,0.16,1.144,0.5015,0.289,0.319,8
"3571",3572,"F",0.585,0.465,0.165,0.9355,0.4035,0.2275,0.259,9
"4039",4041,"F",0.575,0.45,0.12,0.9585,0.447,0.169,0.275,12
"1751",1752,"F",0.71,0.54,0.205,1.5805,0.802,0.287,0.435,10
"10",10,"F",0.55,0.44,0.15,0.8945,0.3145,0.151,0.32,19
"2868",2869,"I",0.335,0.26,0.09,0.1965,0.0875,0.041,0.056,7
"1533",1534,"I",0.295,0.215,0.07,0.121,0.047,0.0155,0.0405,6
"2600",2601,"F",0.615,0.485,0.16,1.1575,0.5005,0.2495,0.315,10
"2365",2366,"F",0.63,0.505,0.165,1.065,0.4595,0.216,0.315,12
"2954",2955,"M",0.645,0.495,0.19,1.539,0.6115,0.408,0.445,12
"1161",1161,"F",0.605,0.475,0.165,1.056,0.433,0.2195,0.357,9
"1775",1776,"I",0.485,0.365,0.105,0.5205,0.195,0.123,0.182,8
"280",280,"F",0.515,0.425,0.135,0.712,0.2665,0.1605,0.25,11
"3203",3204,"F",0.635,0.505,0.185,1.3035,0.501,0.295,0.41,17
"191",191,"M",0.615,0.48,0.18,1.1595,0.4845,0.2165,0.325,13
"1132",1132,"M",0.565,0.435,0.15,0.99,0.5795,0.1825,0.206,8
"1038",1038,"M",0.66,0.535,0.19,1.5905,0.6425,0.297,0.5175,9
"1354",1355,"I",0.6,0.475,0.15,1.12,0.565,0.2465,0.27,10
"4035",4037,"I",0.54,0.42,0.14,0.74,0.3595,0.159,0.1985,8
"474",474,"F",0.52,0.405,0.12,0.627,0.2645,0.1415,0.181,11
"1981",1982,"F",0.72,0.575,0.18,1.6705,0.732,0.3605,0.501,12
"1250",1250,"I",0.395,0.27,0.1,0.2985,0.1445,0.061,0.082,5
"1077",1077,"I",0.42,0.3,0.105,0.316,0.1255,0.07,0.1035,7
"3788",3789,"F",0.63,0.475,0.15,1.072,0.433,0.2975,0.315,8
"3175",3176,"I",0.51,0.405,0.12,0.61,0.229,0.131,0.235,11
"3422",3423,"M",0.61,0.47,0.155,1.0325,0.497,0.2175,0.2785,9
"3718",3719,"I",0.36,0.25,0.115,0.465,0.21,0.1055,0.128,7
"1011",1011,"F",0.62,0.51,0.18,1.3315,0.594,0.276,0.388,11
"710",710,"I",0.295,0.225,0.09,0.1105,0.0405,0.0245,0.032,7
"3519",3520,"M",0.715,0.545,0.18,1.7405,0.871,0.347,0.449,10
"2919",2920,"F",0.6,0.48,0.17,1.056,0.4575,0.2435,0.3135,10
"952",952,"M",0.48,0.36,0.1,0.439,0.194,0.099,0.115,8
"949",949,"F",0.475,0.36,0.12,0.5915,0.3245,0.11,0.127,6
"3846",3847,"I",0.37,0.275,0.085,0.2045,0.096,0.056,0.08,6
"3970",3971,"I",0.385,0.285,0.09,0.248,0.0935,0.066,0.07,6
"2482",2483,"M",0.52,0.4,0.165,0.8565,0.2745,0.201,0.21,12
"1258",1259,"I",0.43,0.315,0.095,0.378,0.175,0.08,0.1045,8
"3772",3773,"M",0.575,0.465,0.12,1.0535,0.516,0.2185,0.235,9
"1169",1169,"M",0.62,0.45,0.2,0.858,0.4285,0.1525,0.2405,8
"3572",3573,"F",0.585,0.46,0.165,1.058,0.486,0.25,0.294,9
"1717",1718,"F",0.65,0.495,0.155,1.337,0.615,0.3195,0.335,9
"1085",1085,"I",0.445,0.345,0.105,0.409,0.1675,0.1015,0.117,7
"2042",2043,"I",0.385,0.28,0.1,0.2755,0.1305,0.061,0.0725,8
"2571",2572,"M",0.465,0.34,0.105,0.486,0.231,0.1035,0.1225,9
"1748",1749,"F",0.705,0.545,0.17,1.58,0.6435,0.4565,0.265,11
"1750",1751,"F",0.71,0.57,0.195,1.9805,0.9925,0.4925,0.48,12
"3301",3302,"F",0.66,0.525,0.19,1.67,0.6525,0.4875,0.49,11
"3782",3783,"F",0.62,0.5,0.175,1.107,0.4895,0.24,0.343,11
"3307",3308,"F",0.45,0.325,0.135,0.438,0.1805,0.1165,0.11,9
"2786",2787,"M",0.61,0.48,0.185,1.3065,0.6895,0.2915,0.29,10
"1735",1736,"M",0.67,0.52,0.165,1.39,0.711,0.2865,0.3,11
"270",270,"F",0.45,0.36,0.125,0.4995,0.2035,0.1,0.17,13
"3719",3720,"I",0.38,0.28,0.095,0.2885,0.165,0.0435,0.067,7
"434",434,"M",0.545,0.42,0.14,0.7505,0.2475,0.13,0.255,22
"3439",3440,"I",0.44,0.35,0.125,0.456,0.21,0.0955,0.131,8
"1474",1475,"M",0.55,0.425,0.16,0.793,0.343,0.2035,0.215,9
"2573",2574,"I",0.475,0.355,0.105,0.468,0.201,0.1115,0.12,8
"1946",1947,"M",0.635,0.525,0.16,1.195,0.5435,0.246,0.335,12
"973",973,"F",0.525,0.415,0.14,0.724,0.3475,0.173,0.175,8
"3565",3566,"F",0.575,0.475,0.16,0.895,0.3605,0.221,0.271,9
"3570",3571,"M",0.58,0.47,0.165,1.041,0.54,0.166,0.279,9
"2704",2705,"M",0.7,0.525,0.175,1.7585,0.8745,0.3615,0.47,10
"3894",3895,"M",0.495,0.38,0.135,0.6295,0.263,0.1425,0.215,12
"2969",2970,"M",0.685,0.505,0.19,1.533,0.667,0.4055,0.41,10
"2581",2582,"F",0.53,0.42,0.17,0.828,0.41,0.208,0.1505,6
"165",165,"F",0.65,0.545,0.23,1.752,0.5605,0.2895,0.815,16
"2825",2826,"I",0.495,0.375,0.12,0.589,0.3075,0.1215,0.1405,8
"984",984,"F",0.565,0.4,0.13,0.6975,0.3075,0.1665,0.18,8
"2871",2872,"I",0.375,0.28,0.085,0.2145,0.0855,0.0485,0.072,7
"3503",3504,"F",0.615,0.49,0.19,1.1345,0.4695,0.257,0.348,11
"3727",3728,"M",0.505,0.4,0.15,0.775,0.3445,0.157,0.185,7
"1942",1943,"M",0.63,0.49,0.155,1.2525,0.63,0.246,0.289,9
"1398",1399,"M",0.645,0.525,0.16,1.5075,0.7455,0.245,0.4325,11
"3140",3141,"M",0.55,0.425,0.16,0.97,0.2885,0.139,0.48,20
"1175",1175,"F",0.635,0.495,0.015,1.1565,0.5115,0.308,0.2885,9
"1878",1879,"I",0.545,0.425,0.14,0.8145,0.305,0.231,0.244,10
"3415",3416,"F",0.56,0.465,0.16,1.0315,0.432,0.2025,0.337,9
"2670",2671,"M",0.59,0.46,0.14,1.004,0.496,0.2165,0.26,9
"1835",1836,"I",0.41,0.335,0.105,0.3305,0.1405,0.064,0.105,7
"379",379,"M",0.565,0.465,0.175,0.995,0.3895,0.183,0.37,15
"4084",4086,"M",0.585,0.51,0.16,1.218,0.639,0.241,0.3,11
"1482",1483,"M",0.585,0.455,0.15,0.906,0.4095,0.23,0.2335,8
"2880",2881,"I",0.475,0.375,0.11,0.494,0.211,0.109,0.1545,8
"1113",1113,"F",0.52,0.46,0.15,1.019,0.523,0.1985,0.254,7
"1755",1756,"F",0.72,0.525,0.18,1.445,0.631,0.3215,0.435,7
"2355",2356,"M",0.555,0.44,0.135,0.9025,0.3805,0.2105,0.28,13
"3502",3503,"M",0.61,0.47,0.175,1.214,0.5315,0.2835,0.325,10
"3905",3906,"M",0.38,0.27,0.095,0.219,0.0835,0.0515,0.07,6
"2403",2404,"M",0.29,0.225,0.08,0.1295,0.0535,0.026,0.045,10
"2502",2503,"I",0.285,0.21,0.07,0.109,0.044,0.0265,0.033,5
"3982",3983,"I",0.58,0.435,0.15,0.8915,0.363,0.1925,0.2515,6
"3054",3055,"M",0.6,0.45,0.15,0.8665,0.3695,0.1955,0.255,12
"136",136,"F",0.425,0.33,0.115,0.406,0.1635,0.081,0.1355,8
"437",437,"I",0.36,0.275,0.095,0.217,0.084,0.0435,0.09,7
"1838",1839,"I",0.415,0.31,0.095,0.311,0.1125,0.0625,0.115,8
"2920",2921,"M",0.6,0.45,0.195,1.34,0.617,0.3255,0.3605,10
"1681",1682,"F",0.62,0.54,0.165,1.139,0.4995,0.2435,0.357,11
"1729",1730,"M",0.665,0.525,0.175,1.443,0.6635,0.3845,0.353,11
"3586",3587,"I",0.63,0.465,0.15,1.0315,0.4265,0.24,0.325,11
"2984",2985,"F",0.535,0.4,0.15,1.224,0.618,0.275,0.2875,10
"3443",3444,"I",0.485,0.37,0.1,0.513,0.219,0.1075,0.13,7
"2891",2892,"I",0.53,0.38,0.125,0.616,0.292,0.113,0.185,8
"459",459,"I",0.415,0.31,0.11,0.2965,0.123,0.057,0.0995,10
"2057",2058,"I",0.48,0.35,0.135,0.5465,0.2735,0.0995,0.158,8
"2041",2042,"I",0.325,0.24,0.07,0.152,0.0565,0.0305,0.054,8
"878",878,"F",0.635,0.5,0.15,1.376,0.6495,0.361,0.31,10
"2909",2910,"F",0.58,0.45,0.15,0.92,0.393,0.212,0.2895,9
"189",189,"F",0.63,0.48,0.16,1.199,0.5265,0.335,0.315,11
"2086",2087,"F",0.71,0.5,0.15,1.3165,0.6835,0.2815,0.28,10
"435",435,"I",0.44,0.345,0.1,0.366,0.122,0.0905,0.12,13
"3330",3331,"F",0.385,0.305,0.125,0.314,0.146,0.0555,0.08,10
"3210",3211,"M",0.565,0.45,0.14,1.0055,0.3785,0.244,0.265,12
"3938",3939,"F",0.35,0.275,0.065,0.205,0.0745,0.0465,0.07,10
"3361",3362,"M",0.41,0.315,0.095,0.306,0.121,0.0735,0.09,9
"1321",1322,"I",0.56,0.425,0.145,0.688,0.3095,0.1305,0.2165,9
"428",428,"M",0.6,0.5,0.16,1.015,0.3995,0.1735,0.33,19
"3534",3535,"I",0.4,0.315,0.09,0.33,0.151,0.068,0.08,6
"3638",3639,"I",0.44,0.34,0.105,0.344,0.123,0.081,0.125,8
"3827",3828,"M",0.68,0.54,0.195,1.7825,0.5565,0.3235,0.4285,11
"3094",3095,"M",0.525,0.4,0.13,0.622,0.2655,0.147,0.184,9
"1438",1439,"I",0.4,0.3,0.09,0.2815,0.1185,0.061,0.08,7
"284",284,"M",0.485,0.395,0.14,0.6295,0.2285,0.127,0.225,14
"2370",2371,"I",0.42,0.325,0.115,0.354,0.1625,0.064,0.105,8
"1030",1030,"F",0.645,0.5,0.16,1.2465,0.5475,0.327,0.3,10
"3712",3713,"F",0.705,0.53,0.17,1.564,0.612,0.394,0.44,10
"2519",2520,"I",0.505,0.39,0.185,0.6125,0.267,0.142,0.172,7
"1915",1916,"F",0.6,0.47,0.135,0.97,0.4655,0.1955,0.264,11
"3716",3717,"I",0.235,0.13,0.075,0.1585,0.0685,0.037,0.0465,5
"1958",1959,"I",0.65,0.52,0.15,1.238,0.5495,0.296,0.3305,10
"3848",3849,"F",0.675,0.535,0.22,1.604,0.6175,0.4255,0.453,14
"550",550,"I",0.555,0.425,0.18,0.875,0.3695,0.2005,0.255,11
"3303",3304,"F",0.565,0.45,0.185,0.9285,0.302,0.1805,0.265,12
"75",75,"F",0.605,0.45,0.195,1.098,0.481,0.2895,0.315,13
"1977",1978,"F",0.7,0.575,0.205,1.773,0.605,0.447,0.538,13
"4048",4050,"M",0.625,0.495,0.155,1.025,0.46,0.1945,0.34,9
"637",637,"M",0.38,0.235,0.1,0.258,0.1055,0.054,0.08,7
"2547",2548,"I",0.23,0.18,0.05,0.064,0.0215,0.0135,0.02,5
"3191",3192,"M",0.65,0.515,0.18,1.3315,0.5665,0.347,0.405,13
"702",702,"F",0.48,0.385,0.135,0.536,0.1895,0.142,0.173,14
"3536",3537,"I",0.425,0.325,0.11,0.405,0.1695,0.092,0.1065,8
"666",666,"F",0.395,0.295,0.095,0.2245,0.078,0.054,0.08,10
"249",249,"I",0.305,0.245,0.075,0.156,0.0675,0.038,0.045,7
"1605",1606,"I",0.54,0.42,0.14,0.6275,0.2505,0.1175,0.235,9
"1820",1821,"F",0.705,0.545,0.18,1.5395,0.6075,0.3675,0.4645,13
"3637",3638,"I",0.435,0.325,0.1,0.342,0.1335,0.0835,0.105,6
"3016",3017,"I",0.435,0.335,0.105,0.3535,0.156,0.05,0.1135,7
"2287",2288,"F",0.385,0.305,0.105,0.3315,0.1365,0.0745,0.1,7
"4142",4144,"F",0.655,0.5,0.22,1.359,0.642,0.3255,0.405,13
"3682",3683,"M",0.62,0.5,0.18,1.3915,0.726,0.2795,0.332,11
"219",219,"M",0.47,0.36,0.135,0.501,0.1665,0.115,0.165,10
"2223",2224,"F",0.555,0.455,0.18,0.958,0.296,0.195,0.39,14
"3760",3761,"M",0.53,0.425,0.13,0.702,0.2975,0.1395,0.22,9
"2379",2380,"F",0.36,0.265,0.09,0.2165,0.096,0.037,0.0735,10
"3617",3618,"M",0.62,0.46,0.16,0.9505,0.4915,0.2,0.228,9
"2147",2148,"M",0.46,0.375,0.135,0.4935,0.186,0.0845,0.17,12
"1009",1009,"M",0.61,0.475,0.155,1.168,0.554,0.239,0.3295,10
"318",318,"M",0.45,0.35,0.1,0.3675,0.1465,0.1015,0.12,10
"2397",2398,"I",0.635,0.505,0.19,1.3315,0.5805,0.252,0.435,17
"190",190,"F",0.585,0.46,0.17,0.9325,0.365,0.271,0.29,9
"233",233,"M",0.625,0.505,0.215,1.4455,0.496,0.287,0.435,22
"1152",1152,"M",0.585,0.465,0.16,0.9555,0.4595,0.236,0.265,7
"3679",3680,"M",0.61,0.45,0.19,1.0805,0.517,0.2495,0.2935,10
"1150",1150,"F",0.58,0.45,0.155,0.93,0.385,0.246,0.265,9
"2280",2281,"M",0.44,0.375,0.13,0.487,0.226,0.0965,0.155,9
"3824",3825,"M",0.62,0.46,0.17,1.127,0.535,0.2635,0.296,7
"3805",3806,"M",0.425,0.305,0.11,0.359,0.173,0.0875,0.0975,9
"804",804,"I",0.37,0.275,0.1,0.22,0.094,0.045,0.065,7
"2175",2176,"M",0.575,0.45,0.185,0.925,0.342,0.197,0.35,12
"2564",2565,"I",0.45,0.35,0.125,0.4775,0.2235,0.089,0.118,6
"3656",3657,"I",0.53,0.395,0.125,0.6235,0.2975,0.108,0.195,11
"3818",3819,"M",0.565,0.445,0.14,0.836,0.406,0.1605,0.2245,9
"773",773,"M",0.385,0.275,0.115,0.2685,0.0975,0.0825,0.085,8
"3354",3355,"F",0.455,0.36,0.11,0.4385,0.206,0.098,0.125,10
"4006",4008,"F",0.585,0.46,0.15,1.0035,0.503,0.2105,0.2515,11
"4169",4171,"M",0.55,0.43,0.13,0.8395,0.3155,0.1955,0.2405,10
"3743",3744,"F",0.705,0.555,0.195,1.7525,0.7105,0.4215,0.516,12
"3900",3901,"M",0.445,0.345,0.14,0.476,0.2055,0.1015,0.1085,15
"1693",1694,"I",0.625,0.485,0.15,1.044,0.438,0.2865,0.278,9
"223",223,"F",0.49,0.375,0.15,0.5755,0.22,0.144,0.19,9
"271",271,"F",0.64,0.525,0.215,1.779,0.4535,0.2855,0.55,22
"1142",1142,"I",0.575,0.435,0.13,0.805,0.3155,0.2155,0.245,10
"2551",2552,"I",0.295,0.22,0.07,0.126,0.0515,0.0275,0.035,6
"3523",3524,"I",0.26,0.205,0.07,0.097,0.0415,0.019,0.0305,4
"83",83,"F",0.52,0.425,0.165,0.9885,0.396,0.225,0.32,16
"366",366,"M",0.63,0.515,0.16,1.016,0.4215,0.244,0.355,19
"3576",3577,"F",0.6,0.475,0.155,1.059,0.441,0.19,0.39,11
"3631",3632,"I",0.295,0.22,0.085,0.1285,0.0585,0.027,0.0365,5
"2034",2035,"F",0.625,0.515,0.18,1.3485,0.5255,0.252,0.3925,14
"164",164,"F",0.725,0.56,0.21,2.141,0.65,0.398,1.005,18
"875",875,"F",0.625,0.49,0.2,1.3825,0.5895,0.285,0.381,11
"1076",1076,"I",0.41,0.325,0.1,0.3245,0.132,0.072,0.106,6
"523",523,"I",0.365,0.26,0.115,0.218,0.0935,0.0445,0.07,9
"2457",2458,"I",0.25,0.185,0.065,0.071,0.027,0.0185,0.0225,5
"896",896,"I",0.255,0.19,0.05,0.083,0.0295,0.0215,0.027,6
"1869",1870,"I",0.525,0.4,0.145,0.6095,0.248,0.159,0.175,9
"2290",2291,"I",0.325,0.27,0.1,0.185,0.08,0.0435,0.065,6
"295",295,"M",0.6,0.495,0.195,1.0575,0.384,0.19,0.375,26
"2647",2648,"I",0.5,0.39,0.125,0.583,0.294,0.132,0.1605,8
"2926",2927,"I",0.61,0.425,0.155,1.0485,0.507,0.1955,0.274,11
"2877",2878,"I",0.46,0.36,0.14,0.447,0.161,0.087,0.16,9
"2099",2100,"F",0.4,0.31,0.115,0.3465,0.1475,0.0695,0.115,10
"1853",1854,"I",0.495,0.38,0.145,0.5,0.205,0.148,0.1505,8
"3892",3893,"F",0.5,0.4,0.15,0.8085,0.273,0.112,0.295,13
"801",801,"M",0.46,0.34,0.135,0.495,0.1655,0.117,0.185,10
"3865",3866,"M",0.525,0.395,0.165,0.782,0.285,0.1405,0.285,19
"1714",1715,"F",0.645,0.51,0.19,1.363,0.573,0.362,0.36,10
"106",106,"F",0.52,0.41,0.155,0.727,0.291,0.1835,0.235,12
"2744",2745,"M",0.48,0.375,0.12,0.5895,0.2535,0.128,0.172,11
"2388",2389,"I",0.515,0.375,0.14,0.6505,0.2495,0.141,0.2215,10
"1260",1261,"I",0.44,0.34,0.12,0.438,0.2115,0.083,0.12,9
"549",549,"F",0.565,0.45,0.16,0.795,0.3605,0.1555,0.23,12
"238",238,"I",0.13,0.1,0.03,0.013,0.0045,0.003,0.004,3
"4029",4031,"I",0.435,0.325,0.1,0.366,0.174,0.0725,0.109,7
"3560",3561,"M",0.57,0.47,0.155,1.186,0.6355,0.2315,0.277,10
"4091",4093,"F",0.625,0.49,0.19,1.7015,0.7465,0.4105,0.3855,11
"162",162,"F",0.605,0.485,0.16,1.222,0.53,0.2575,0.28,13
"2721",2722,"I",0.375,0.29,0.14,0.3,0.14,0.0625,0.0825,8
"2714",2715,"I",0.29,0.215,0.065,0.0985,0.0425,0.021,0.031,5
"3153",3154,"M",0.425,0.335,0.1,0.4085,0.1755,0.092,0.135,9
"760",760,"M",0.57,0.43,0.12,1.0615,0.348,0.167,0.31,15
"1040",1040,"F",0.66,0.475,0.18,1.3695,0.641,0.294,0.335,6
"125",125,"I",0.36,0.28,0.08,0.1755,0.081,0.0505,0.07,6
"2947",2948,"M",0.635,0.485,0.18,1.1795,0.4785,0.2775,0.355,10
"589",589,"M",0.45,0.335,0.14,0.4625,0.164,0.076,0.15,14
"4009",4011,"M",0.61,0.475,0.15,1.142,0.62,0.237,0.245,9
"2477",2478,"M",0.57,0.42,0.155,1.008,0.377,0.193,0.34,13
"1245",1245,"I",0.385,0.3,0.095,0.302,0.152,0.0615,0.0735,7
"1541",1542,"I",0.36,0.275,0.075,0.2205,0.0985,0.044,0.066,7
"826",826,"I",0.395,0.29,0.095,0.319,0.138,0.08,0.082,7
"3995",3996,"I",0.245,0.175,0.055,0.0785,0.04,0.018,0.02,5
"3442",3443,"M",0.48,0.37,0.13,0.643,0.349,0.1155,0.135,8
"2501",2502,"F",0.33,0.26,0.08,0.2,0.0625,0.05,0.07,9
"4087",4089,"M",0.6,0.47,0.13,1.0105,0.423,0.219,0.298,9
"3960",3961,"M",0.69,0.55,0.195,1.777,0.769,0.38,0.4305,11
"2982",2983,"F",0.51,0.37,0.21,1.183,0.508,0.292,0.343,9
"2614",2615,"M",0.645,0.49,0.16,1.251,0.5355,0.3345,0.3165,9
"1084",1084,"I",0.44,0.33,0.11,0.3705,0.1545,0.084,0.12,7
"2003",2004,"I",0.375,0.28,0.08,0.226,0.105,0.047,0.065,6
"2896",2897,"I",0.545,0.43,0.13,0.7595,0.358,0.153,0.2055,8
"3374",3375,"F",0.475,0.375,0.125,0.588,0.237,0.1715,0.155,10
"3368",3369,"I",0.61,0.48,0.165,1.097,0.4215,0.264,0.335,13
"3555",3556,"M",0.535,0.415,0.135,0.78,0.3165,0.169,0.2365,8
"2988",2989,"M",0.555,0.425,0.15,0.873,0.4625,0.1845,0.1965,9
"3720",3721,"F",0.38,0.32,0.115,0.6475,0.323,0.1325,0.164,7
"2680",2681,"M",0.615,0.475,0.175,1.103,0.4635,0.3095,0.2725,10
"2218",2219,"M",0.495,0.39,0.15,0.853,0.3285,0.189,0.27,14
"1743",1744,"M",0.685,0.52,0.15,1.3735,0.7185,0.293,0.32,11
"2130",2131,"M",0.585,0.455,0.14,0.97,0.462,0.185,0.295,9
"2504",2505,"I",0.31,0.24,0.105,0.2885,0.118,0.065,0.083,6
"2970",2971,"M",0.69,0.515,0.18,1.8445,0.9815,0.4655,0.341,13
"71",71,"M",0.555,0.425,0.13,0.7665,0.264,0.168,0.275,13
"6",6,"I",0.425,0.3,0.095,0.3515,0.141,0.0775,0.12,8
"580",580,"F",0.63,0.48,0.175,1.3675,0.5015,0.3035,0.515,17
"1530",1531,"M",0.75,0.55,0.18,1.893,0.942,0.397,0.445,11
"3627",3628,"M",0.715,0.525,0.2,1.89,0.95,0.436,0.4305,10
"3464",3465,"M",0.635,0.495,0.155,1.3635,0.583,0.2985,0.295,10
"1356",1357,"F",0.6,0.455,0.145,0.8895,0.419,0.1715,0.269,10
"2301",2302,"F",0.52,0.425,0.15,0.813,0.385,0.2015,0.23,10
"2570",2571,"I",0.465,0.355,0.11,0.474,0.23,0.1005,0.12,7
"2131",2132,"M",0.32,0.24,0.08,0.18,0.08,0.0385,0.055,6
"103",103,"M",0.53,0.435,0.16,0.883,0.316,0.164,0.335,15
"2096",2097,"M",0.5,0.39,0.145,0.651,0.273,0.132,0.22,11
"1995",1996,"I",0.32,0.24,0.07,0.133,0.0585,0.0255,0.041,6
"2569",2570,"I",0.46,0.345,0.115,0.4215,0.1895,0.102,0.111,6
"4002",4004,"I",0.51,0.39,0.125,0.597,0.293,0.1265,0.1555,8
"3345",3346,"F",0.48,0.38,0.145,0.59,0.232,0.141,0.23,12
"1082",1082,"I",0.435,0.33,0.11,0.413,0.2055,0.096,0.096,6
"3866",3867,"F",0.525,0.43,0.165,0.717,0.289,0.1745,0.195,10
"1784",1785,"M",0.53,0.41,0.14,0.7545,0.3495,0.1715,0.2105,8
"4160",4162,"F",0.585,0.455,0.17,0.9945,0.4255,0.263,0.2845,11
"1096",1096,"I",0.475,0.35,0.11,0.4565,0.206,0.099,0.13,6
"1349",1350,"M",0.59,0.455,0.155,0.8855,0.388,0.188,0.275,10
"552",552,"I",0.615,0.49,0.155,0.9885,0.4145,0.195,0.345,13
"317",317,"F",0.635,0.535,0.19,1.242,0.576,0.2475,0.39,14
"3097",3098,"M",0.545,0.435,0.145,0.9385,0.3685,0.1245,0.345,11
"997",997,"M",0.59,0.465,0.155,1.136,0.5245,0.2615,0.275,11
"3247",3248,"F",0.61,0.495,0.19,1.213,0.464,0.306,0.365,15
"1637",1638,"F",0.575,0.465,0.195,0.9965,0.417,0.247,0.47,8
"1246",1246,"I",0.385,0.28,0.09,0.228,0.1025,0.042,0.0655,5
"1100",1100,"I",0.5,0.375,0.14,0.5495,0.248,0.112,0.1585,7
"373",373,"F",0.68,0.58,0.2,1.787,0.585,0.453,0.6,19
"2080",2081,"M",0.645,0.495,0.15,1.2095,0.603,0.2225,0.339,9
"2589",2590,"M",0.575,0.45,0.155,0.948,0.429,0.206,0.259,7
"811",811,"M",0.505,0.405,0.14,0.875,0.2665,0.174,0.285,12
"2910",2911,"M",0.58,0.445,0.15,0.9525,0.4315,0.1945,0.287,11
"2032",2033,"M",0.605,0.445,0.14,0.982,0.4295,0.2085,0.295,12
"915",915,"I",0.37,0.28,0.095,0.2865,0.1505,0.069,0.0795,7
"2244",2245,"I",0.355,0.28,0.1,0.2275,0.0935,0.0455,0.085,11
"993",993,"F",0.58,0.46,0.18,1.0515,0.4095,0.2595,0.276,8
"2850",2851,"M",0.63,0.485,0.16,1.243,0.623,0.275,0.3,10
"47",47,"M",0.47,0.37,0.12,0.5795,0.293,0.227,0.14,9
"3585",3586,"M",0.625,0.485,0.16,1.2135,0.631,0.2235,0.302,9
"3600",3601,"I",0.175,0.125,0.04,0.028,0.0095,0.008,0.009,4
"193",193,"M",0.58,0.45,0.15,0.927,0.276,0.1815,0.36,14
"3796",3797,"F",0.675,0.54,0.21,1.593,0.686,0.318,0.45,11
"2638",2639,"I",0.46,0.345,0.11,0.3755,0.1525,0.058,0.125,7
"394",394,"I",0.365,0.295,0.095,0.25,0.1075,0.0545,0.08,9
"3053",3054,"F",0.6,0.45,0.14,0.869,0.3425,0.195,0.291,11
"1181",1181,"M",0.655,0.515,0.16,1.31,0.553,0.369,0.345,11
"3670",3671,"M",0.59,0.465,0.135,0.9895,0.4235,0.199,0.28,8
"1006",1006,"M",0.605,0.475,0.155,1.161,0.572,0.2455,0.275,9
"3075",3076,"F",0.68,0.52,0.185,1.494,0.615,0.3935,0.406,11
"1689",1690,"M",0.625,0.475,0.16,1.0845,0.5005,0.2355,0.3105,10
"183",183,"F",0.56,0.45,0.16,1.0235,0.429,0.268,0.3,10
"956",956,"M",0.495,0.395,0.135,0.6335,0.3035,0.1295,0.1495,8
"2636",2637,"I",0.44,0.34,0.1,0.407,0.209,0.0735,0.103,7
"4007",4009,"M",0.585,0.455,0.155,1.133,0.5515,0.223,0.305,12
"3248",3249,"M",0.595,0.5,0.165,1.06,0.402,0.28,0.275,11
"3478",3479,"I",0.435,0.335,0.11,0.411,0.2025,0.0945,0.1,7
"2231",2232,"F",0.505,0.4,0.165,0.729,0.2675,0.155,0.25,9
"3143",3144,"I",0.2,0.15,0.04,0.046,0.021,0.007,0.0065,4
"1330",1331,"F",0.57,0.46,0.135,0.9795,0.397,0.2525,0.2655,9
"3744",3745,"I",0.275,0.205,0.065,0.101,0.041,0.021,0.034,5
"681",681,"I",0.37,0.275,0.1,0.2295,0.0885,0.0465,0.07,7
"342",342,"F",0.62,0.51,0.205,1.3475,0.4775,0.2565,0.48,14
"2635",2636,"I",0.43,0.32,0.1,0.3465,0.1635,0.08,0.09,7
"1424",1425,"F",0.73,0.58,0.19,1.7375,0.6785,0.4345,0.52,11
"4033",4035,"M",0.51,0.405,0.125,0.6925,0.327,0.155,0.1805,7
"2794",2795,"F",0.63,0.475,0.155,1.0005,0.452,0.252,0.265,10
"1653",1654,"M",0.595,0.45,0.145,0.959,0.463,0.2065,0.2535,10
"650",650,"F",0.475,0.36,0.125,0.447,0.1695,0.081,0.14,9
"3038",3039,"I",0.565,0.44,0.135,0.768,0.3305,0.1385,0.2475,9
"1389",1390,"M",0.635,0.49,0.16,1.101,0.534,0.1865,0.3455,10
"2288",2289,"I",0.33,0.265,0.09,0.18,0.068,0.036,0.06,6
"2717",2718,"I",0.345,0.255,0.095,0.183,0.075,0.0385,0.06,6
"1505",1506,"M",0.635,0.51,0.185,1.308,0.544,0.318,0.377,8
"3896",3897,"M",0.76,0.575,0.19,1.829,0.7035,0.386,0.56,14
"1455",1456,"M",0.475,0.37,0.125,0.649,0.347,0.136,0.142,8
"4165",4167,"I",0.475,0.365,0.115,0.499,0.232,0.0885,0.156,10
"2090",2091,"M",0.775,0.57,0.22,2.032,0.735,0.4755,0.6585,17
"1756",1757,"F",0.725,0.565,0.21,2.1425,1.03,0.487,0.503,14
"757",757,"M",0.615,0.525,0.155,1.1375,0.367,0.236,0.37,20
"3156",3157,"M",0.535,0.44,0.165,0.875,0.279,0.18,0.3,10
"114",114,"M",0.425,0.35,0.105,0.393,0.13,0.063,0.165,9
"2698",2699,"F",0.665,0.505,0.165,1.349,0.5985,0.3175,0.36,9
"2641",2642,"I",0.475,0.365,0.1,0.1315,0.2025,0.0875,0.123,7
"2176",2177,"F",0.57,0.45,0.17,1.098,0.414,0.187,0.405,20
"1297",1298,"I",0.53,0.415,0.13,0.694,0.3905,0.111,0.167,9
"1054",1054,"I",0.185,0.13,0.045,0.029,0.012,0.0075,0.0095,4
"2026",2027,"F",0.56,0.41,0.16,0.8215,0.342,0.184,0.253,9
"2475",2476,"F",0.59,0.455,0.165,1.161,0.38,0.2455,0.28,12
"3096",3097,"F",0.53,0.395,0.115,0.5685,0.249,0.1375,0.161,9
"2962",2963,"I",0.67,0.485,0.175,1.2565,0.5355,0.322,0.386,9
"588",588,"F",0.55,0.41,0.145,0.8285,0.3095,0.1905,0.25,13
"3544",3545,"I",0.475,0.355,0.125,0.4865,0.2155,0.1105,0.142,9
"1777",1778,"I",0.485,0.345,0.16,0.869,0.3085,0.185,0.319,9
"267",267,"M",0.52,0.45,0.15,0.895,0.3615,0.186,0.235,14
"3724",3725,"F",0.485,0.365,0.15,0.9145,0.4145,0.199,0.273,7
"821",821,"I",0.365,0.275,0.135,0.24,0.108,0.0445,0.0735,7
"2421",2422,"I",0.52,0.415,0.16,0.595,0.2105,0.142,0.26,15
"3362",3363,"M",0.41,0.3,0.1,0.301,0.124,0.069,0.09,9
"1932",1933,"F",0.62,0.495,0.17,1.062,0.372,0.213,0.34,11
"4028",4030,"I",0.435,0.335,0.11,0.334,0.1355,0.0775,0.0965,7
"3154",3155,"M",0.54,0.41,0.13,0.56,0.2375,0.1065,0.175,7
"1561",1562,"I",0.45,0.34,0.095,0.3245,0.1385,0.064,0.105,8
"468",468,"M",0.655,0.53,0.195,1.388,0.567,0.2735,0.41,13
"216",216,"M",0.55,0.405,0.14,0.8025,0.244,0.1635,0.255,10
"3391",3392,"M",0.545,0.42,0.125,0.9745,0.353,0.174,0.305,13
"1486",1487,"F",0.595,0.455,0.16,1.04,0.452,0.2655,0.288,9
"3212",3213,"F",0.585,0.46,0.17,1.0835,0.3745,0.326,0.325,14
"1618",1619,"I",0.555,0.46,0.145,0.9005,0.3845,0.158,0.2765,11
"3448",3449,"M",0.52,0.39,0.12,0.6435,0.2885,0.157,0.161,7
"1296",1297,"M",0.525,0.42,0.155,0.842,0.428,0.1415,0.2045,9
"1677",1678,"M",0.615,0.475,0.175,1.224,0.6035,0.261,0.311,9
"515",515,"F",0.275,0.195,0.07,0.08,0.031,0.0215,0.025,5
"626",626,"F",0.525,0.405,0.16,0.658,0.2655,0.1125,0.225,12
"1688",1689,"M",0.625,0.49,0.165,1.1165,0.4895,0.2615,0.3325,11
"3551",3552,"I",0.515,0.4,0.135,0.636,0.3055,0.1215,0.1855,9
"2846",2847,"M",0.625,0.475,0.175,1.3405,0.656,0.283,0.337,10
"138",138,"M",0.345,0.255,0.09,0.2005,0.094,0.0295,0.063,9
"3263",3264,"M",0.565,0.45,0.115,0.9085,0.398,0.197,0.29,17
"104",104,"M",0.53,0.415,0.14,0.724,0.3105,0.1675,0.205,10
"3978",3979,"M",0.485,0.39,0.12,0.599,0.251,0.1345,0.169,8
"684",684,"M",0.535,0.405,0.185,0.8345,0.3175,0.1725,0.29,16
"3308",3309,"M",0.275,0.2,0.08,0.099,0.037,0.024,0.03,5
"3115",3116,"I",0.44,0.34,0.12,0.4995,0.2965,0.0945,0.1185,6
"1956",1957,"M",0.645,0.49,0.175,1.32,0.6525,0.2375,0.3385,11
"2340",2341,"F",0.59,0.47,0.17,0.9,0.355,0.1905,0.25,11
"3526",3527,"I",0.335,0.26,0.085,0.192,0.097,0.03,0.054,6
"3071",3072,"F",0.655,0.455,0.17,1.2895,0.587,0.3165,0.3415,11
"1028",1028,"F",0.645,0.505,0.165,1.4325,0.684,0.308,0.336,8
"1944",1945,"F",0.635,0.52,0.165,1.3405,0.5065,0.296,0.412,11
"2158",2159,"M",0.56,0.42,0.195,0.8085,0.3025,0.1795,0.285,14
"599",599,"I",0.605,0.495,0.145,1.054,0.369,0.2255,0.36,12
"3103",3104,"M",0.645,0.5,0.18,1.461,0.5985,0.2425,0.439,11
"959",959,"I",0.5,0.385,0.12,0.56,0.2835,0.103,0.135,8
